reference_date,period,region,apartment_type,rent_measure,monthly_rent_cad,is_available,quality_note,use_with_caution,previous_quarter_rent,previous_year_rent,qoq_change_pct,yoy_change_pct,qoq_use_with_caution,yoy_use_with_caution
2019-01-01,2019Q1,Calgary,1 bedroom,asking,1150.0,1,No caution flag,0,,,,,,
2019-04-01,2019Q2,Calgary,1 bedroom,asking,1150.0,1,No caution flag,0,1150.0,,0.0,,0.0,
2019-07-01,2019Q3,Calgary,1 bedroom,asking,1160.0,1,No caution flag,0,1150.0,,0.8695652173912993,,0.0,
2019-10-01,2019Q4,Calgary,1 bedroom,asking,1170.0,1,No caution flag,0,1160.0,,0.8620689655172376,,0.0,
2020-01-01,2020Q1,Calgary,1 bedroom,asking,1180.0,1,No caution flag,0,1170.0,1150.0,0.8547008547008517,2.60869565217392,0.0,0.0
2020-04-01,2020Q2,Calgary,1 bedroom,asking,1190.0,1,No caution flag,0,1180.0,1150.0,0.8474576271186418,3.4782608695652195,0.0,0.0
2020-07-01,2020Q3,Calgary,1 bedroom,asking,1190.0,1,No caution flag,0,1190.0,1160.0,0.0,2.586206896551735,0.0,0.0
2020-10-01,2020Q4,Calgary,1 bedroom,asking,1170.0,1,No caution flag,0,1190.0,1170.0,-1.6806722689075682,0.0,0.0,0.0
2021-01-01,2021Q1,Calgary,1 bedroom,asking,1180.0,1,No caution flag,0,1170.0,1180.0,0.8547008547008517,0.0,0.0,0.0
2021-04-01,2021Q2,Calgary,1 bedroom,asking,1200.0,1,No caution flag,0,1180.0,1190.0,1.6949152542372836,0.8403361344537785,0.0,0.0
2021-07-01,2021Q3,Calgary,1 bedroom,asking,1210.0,1,No caution flag,0,1200.0,1190.0,0.8333333333333304,1.680672268907557,0.0,0.0
2021-10-01,2021Q4,Calgary,1 bedroom,asking,1220.0,1,No caution flag,0,1210.0,1170.0,0.8264462809917328,4.2735042735042805,0.0,0.0
2022-01-01,2022Q1,Calgary,1 bedroom,asking,1250.0,1,No caution flag,0,1220.0,1180.0,2.4590163934426146,5.932203389830515,0.0,0.0
2022-04-01,2022Q2,Calgary,1 bedroom,asking,1290.0,1,No caution flag,0,1250.0,1200.0,3.200000000000003,7.499999999999996,0.0,0.0
2022-07-01,2022Q3,Calgary,1 bedroom,asking,1370.0,1,No caution flag,0,1290.0,1210.0,6.20155038759691,13.223140495867769,0.0,0.0
2022-10-01,2022Q4,Calgary,1 bedroom,asking,1440.0,1,No caution flag,0,1370.0,1220.0,5.109489051094895,18.032786885245898,0.0,0.0
2023-01-01,2023Q1,Calgary,1 bedroom,asking,1500.0,1,No caution flag,0,1440.0,1250.0,4.166666666666674,19.999999999999996,0.0,0.0
2023-04-01,2023Q2,Calgary,1 bedroom,asking,1520.0,1,No caution flag,0,1500.0,1290.0,1.333333333333342,17.829457364341096,0.0,0.0
2023-07-01,2023Q3,Calgary,1 bedroom,asking,1660.0,1,No caution flag,0,1520.0,1370.0,9.210526315789469,21.16788321167884,0.0,0.0
2023-10-01,2023Q4,Calgary,1 bedroom,asking,1770.0,1,No caution flag,0,1660.0,1440.0,6.626506024096379,22.916666666666675,0.0,0.0
2024-01-01,2024Q1,Calgary,1 bedroom,asking,1740.0,1,No caution flag,0,1770.0,1500.0,-1.6949152542372836,15.999999999999993,0.0,0.0
2024-04-01,2024Q2,Calgary,1 bedroom,asking,1760.0,1,No caution flag,0,1740.0,1520.0,1.1494252873563315,15.789473684210531,0.0,0.0
2024-07-01,2024Q3,Calgary,1 bedroom,asking,1720.0,1,No caution flag,0,1760.0,1660.0,-2.2727272727272707,3.6144578313253017,0.0,0.0
2024-10-01,2024Q4,Calgary,1 bedroom,asking,1630.0,1,No caution flag,0,1720.0,1770.0,-5.232558139534882,-7.909604519774016,0.0,0.0
2025-01-01,2025Q1,Calgary,1 bedroom,asking,1630.0,1,No caution flag,0,1630.0,1740.0,0.0,-6.3218390804597675,0.0,0.0
2025-04-01,2025Q2,Calgary,1 bedroom,asking,1650.0,1,Use with caution,1,1630.0,1760.0,1.2269938650306678,-6.25,1.0,1.0
2025-07-01,2025Q3,Calgary,1 bedroom,asking,1630.0,1,Use with caution,1,1650.0,1720.0,-1.2121212121212088,-5.232558139534882,1.0,1.0
2025-10-01,2025Q4,Calgary,1 bedroom,asking,1590.0,1,No caution flag,0,1630.0,1630.0,-2.4539877300613466,-2.4539877300613466,1.0,0.0
2026-01-01,2026Q1,Calgary,1 bedroom,asking,1550.0,1,No caution flag,0,1590.0,1630.0,-2.515723270440251,-4.907975460122705,0.0,0.0
2026-04-01,2026Q2,Calgary,1 bedroom,asking,1550.0,1,No caution flag,0,1550.0,1650.0,0.0,-6.060606060606055,0.0,1.0
2019-01-01,2019Q1,Calgary,2 bedrooms,asking,1360.0,1,No caution flag,0,,,,,,
2019-04-01,2019Q2,Calgary,2 bedrooms,asking,1360.0,1,No caution flag,0,1360.0,,0.0,,0.0,
2019-07-01,2019Q3,Calgary,2 bedrooms,asking,1370.0,1,No caution flag,0,1360.0,,0.7352941176470562,,0.0,
2019-10-01,2019Q4,Calgary,2 bedrooms,asking,1410.0,1,No caution flag,0,1370.0,,2.9197080291970767,,0.0,
2020-01-01,2020Q1,Calgary,2 bedrooms,asking,1410.0,1,No caution flag,0,1410.0,1360.0,0.0,3.6764705882353033,0.0,0.0
2020-04-01,2020Q2,Calgary,2 bedrooms,asking,1400.0,1,No caution flag,0,1410.0,1360.0,-0.7092198581560294,2.941176470588225,0.0,0.0
2020-07-01,2020Q3,Calgary,2 bedrooms,asking,1400.0,1,No caution flag,0,1400.0,1370.0,0.0,2.1897810218978186,0.0,0.0
2020-10-01,2020Q4,Calgary,2 bedrooms,asking,1380.0,1,No caution flag,0,1400.0,1410.0,-1.4285714285714235,-2.127659574468088,0.0,0.0
2021-01-01,2021Q1,Calgary,2 bedrooms,asking,1420.0,1,No caution flag,0,1380.0,1410.0,2.898550724637672,0.7092198581560183,0.0,0.0
2021-04-01,2021Q2,Calgary,2 bedrooms,asking,1440.0,1,No caution flag,0,1420.0,1400.0,1.4084507042253502,2.857142857142847,0.0,0.0
2021-07-01,2021Q3,Calgary,2 bedrooms,asking,1450.0,1,No caution flag,0,1440.0,1400.0,0.694444444444442,3.571428571428581,0.0,0.0
2021-10-01,2021Q4,Calgary,2 bedrooms,asking,1460.0,1,No caution flag,0,1450.0,1380.0,0.6896551724137945,5.797101449275366,0.0,0.0
2022-01-01,2022Q1,Calgary,2 bedrooms,asking,1500.0,1,No caution flag,0,1460.0,1420.0,2.7397260273972712,5.633802816901401,0.0,0.0
2022-04-01,2022Q2,Calgary,2 bedrooms,asking,1560.0,1,No caution flag,0,1500.0,1440.0,4.0000000000000036,8.333333333333325,0.0,0.0
2022-07-01,2022Q3,Calgary,2 bedrooms,asking,1700.0,1,No caution flag,0,1560.0,1450.0,8.974358974358964,17.24137931034482,0.0,0.0
2022-10-01,2022Q4,Calgary,2 bedrooms,asking,1760.0,1,No caution flag,0,1700.0,1460.0,3.529411764705892,20.547945205479444,0.0,0.0
2023-01-01,2023Q1,Calgary,2 bedrooms,asking,1790.0,1,No caution flag,0,1760.0,1500.0,1.7045454545454586,19.333333333333336,0.0,0.0
2023-04-01,2023Q2,Calgary,2 bedrooms,asking,1840.0,1,No caution flag,0,1790.0,1560.0,2.7932960893854775,17.948717948717952,0.0,0.0
2023-07-01,2023Q3,Calgary,2 bedrooms,asking,2010.0,1,No caution flag,0,1840.0,1700.0,9.239130434782616,18.23529411764706,0.0,0.0
2023-10-01,2023Q4,Calgary,2 bedrooms,asking,2130.0,1,No caution flag,0,2010.0,1760.0,5.970149253731338,21.02272727272727,0.0,0.0
2024-01-01,2024Q1,Calgary,2 bedrooms,asking,2090.0,1,No caution flag,0,2130.0,1790.0,-1.8779342723004744,16.75977653631284,0.0,0.0
2024-04-01,2024Q2,Calgary,2 bedrooms,asking,2150.0,1,No caution flag,0,2090.0,1840.0,2.8708133971291794,16.84782608695652,0.0,0.0
2024-07-01,2024Q3,Calgary,2 bedrooms,asking,2050.0,1,No caution flag,0,2150.0,2010.0,-4.651162790697672,1.990049751243772,0.0,0.0
2024-10-01,2024Q4,Calgary,2 bedrooms,asking,1950.0,1,No caution flag,0,2050.0,2130.0,-4.878048780487809,-8.450704225352112,0.0,0.0
2025-01-01,2025Q1,Calgary,2 bedrooms,asking,1920.0,1,No caution flag,0,1950.0,2090.0,-1.538461538461533,-8.133971291866027,0.0,0.0
2025-04-01,2025Q2,Calgary,2 bedrooms,asking,2020.0,1,Use with caution,1,1920.0,2150.0,5.208333333333326,-6.04651162790698,1.0,1.0
2025-07-01,2025Q3,Calgary,2 bedrooms,asking,2010.0,1,Use with caution,1,2020.0,2050.0,-0.4950495049504955,-1.9512195121951237,1.0,1.0
2025-10-01,2025Q4,Calgary,2 bedrooms,asking,1930.0,1,No caution flag,0,2010.0,1950.0,-3.9800995024875663,-1.025641025641022,1.0,0.0
2026-01-01,2026Q1,Calgary,2 bedrooms,asking,1900.0,1,No caution flag,0,1930.0,1920.0,-1.5544041450777257,-1.041666666666663,0.0,0.0
2026-04-01,2026Q2,Calgary,2 bedrooms,asking,1890.0,1,No caution flag,0,1900.0,2020.0,-0.5263157894736858,-6.435643564356431,0.0,1.0
2019-01-01,2019Q1,Calgary,2 bedrooms,paid,1240.0,1,No caution flag,0,,,,,,
2019-04-01,2019Q2,Calgary,2 bedrooms,paid,1260.0,1,No caution flag,0,1240.0,,1.6129032258064502,,0.0,
2019-07-01,2019Q3,Calgary,2 bedrooms,paid,1270.0,1,No caution flag,0,1260.0,,0.7936507936507908,,0.0,
2019-10-01,2019Q4,Calgary,2 bedrooms,paid,1290.0,1,No caution flag,0,1270.0,,1.5748031496062964,,0.0,
2020-01-01,2020Q1,Calgary,2 bedrooms,paid,1320.0,1,No caution flag,0,1290.0,1240.0,2.3255813953488413,6.451612903225801,0.0,0.0
2020-04-01,2020Q2,Calgary,2 bedrooms,paid,1360.0,1,Use with caution,1,1320.0,1260.0,3.0303030303030276,7.9365079365079305,1.0,1.0
2020-07-01,2020Q3,Calgary,2 bedrooms,paid,1360.0,1,No caution flag,0,1360.0,1270.0,0.0,7.086614173228356,1.0,0.0
2020-10-01,2020Q4,Calgary,2 bedrooms,paid,1340.0,1,No caution flag,0,1360.0,1290.0,-1.4705882352941124,3.875968992248069,0.0,0.0
2021-01-01,2021Q1,Calgary,2 bedrooms,paid,1320.0,1,No caution flag,0,1340.0,1320.0,-1.4925373134328401,0.0,0.0,0.0
2021-04-01,2021Q2,Calgary,2 bedrooms,paid,1330.0,1,No caution flag,0,1320.0,1360.0,0.7575757575757569,-2.2058823529411797,0.0,1.0
2021-07-01,2021Q3,Calgary,2 bedrooms,paid,1340.0,1,No caution flag,0,1330.0,1360.0,0.7518796992481258,-1.4705882352941124,0.0,0.0
2021-10-01,2021Q4,Calgary,2 bedrooms,paid,1370.0,1,Use with caution,1,1340.0,1340.0,2.238805970149249,2.238805970149249,1.0,1.0
2022-01-01,2022Q1,Calgary,2 bedrooms,paid,1380.0,1,No caution flag,0,1370.0,1320.0,0.7299270072992803,4.545454545454541,1.0,0.0
2022-04-01,2022Q2,Calgary,2 bedrooms,paid,1390.0,1,No caution flag,0,1380.0,1330.0,0.7246376811594235,4.511278195488733,0.0,0.0
2022-07-01,2022Q3,Calgary,2 bedrooms,paid,1380.0,1,Use with caution,1,1390.0,1340.0,-0.7194244604316502,2.9850746268656803,1.0,1.0
2022-10-01,2022Q4,Calgary,2 bedrooms,paid,1380.0,1,Use with caution,1,1380.0,1370.0,0.0,0.7299270072992803,1.0,1.0
2023-01-01,2023Q1,Calgary,2 bedrooms,paid,1400.0,1,Use with caution,1,1380.0,1380.0,1.449275362318847,1.449275362318847,1.0,1.0
2023-04-01,2023Q2,Calgary,2 bedrooms,paid,1430.0,1,Use with caution,1,1400.0,1390.0,2.1428571428571352,2.877697841726623,1.0,1.0
2023-07-01,2023Q3,Calgary,2 bedrooms,paid,1480.0,1,Use with caution,1,1430.0,1380.0,3.4965034965035002,7.246376811594213,1.0,1.0
2023-10-01,2023Q4,Calgary,2 bedrooms,paid,1540.0,1,No caution flag,0,1480.0,1380.0,4.054054054054057,11.594202898550732,1.0,1.0
2024-01-01,2024Q1,Calgary,2 bedrooms,paid,1600.0,1,No caution flag,0,1540.0,1400.0,3.8961038961038863,14.28571428571428,0.0,1.0
2024-04-01,2024Q2,Calgary,2 bedrooms,paid,1670.0,1,No caution flag,0,1600.0,1430.0,4.374999999999996,16.783216783216794,0.0,1.0
2024-07-01,2024Q3,Calgary,2 bedrooms,paid,1740.0,1,Use with caution,1,1670.0,1480.0,4.191616766467066,17.567567567567565,1.0,1.0
2024-10-01,2024Q4,Calgary,2 bedrooms,paid,1790.0,1,Use with caution,1,1740.0,1540.0,2.8735632183908066,16.233766233766247,1.0,1.0
2025-01-01,2025Q1,Calgary,2 bedrooms,paid,1790.0,1,No caution flag,0,1790.0,1600.0,0.0,11.874999999999991,1.0,0.0
2025-04-01,2025Q2,Calgary,2 bedrooms,paid,1780.0,1,No caution flag,0,1790.0,1670.0,-0.5586592178770999,6.586826347305386,0.0,0.0
2025-07-01,2025Q3,Calgary,2 bedrooms,paid,1810.0,1,No caution flag,0,1780.0,1740.0,1.6853932584269593,4.022988505747116,0.0,1.0
2025-10-01,2025Q4,Calgary,2 bedrooms,paid,1880.0,1,No caution flag,0,1810.0,1790.0,3.8674033149171283,5.027932960893855,0.0,1.0
2026-01-01,2026Q1,Calgary,2 bedrooms,paid,1940.0,1,No caution flag,0,1880.0,1790.0,3.1914893617021267,8.379888268156432,0.0,0.0
2026-04-01,2026Q2,Calgary,2 bedrooms,paid,1930.0,1,No caution flag,0,1940.0,1780.0,-0.5154639175257714,8.426966292134841,0.0,0.0
2019-01-01,2019Q1,Calgary,3+ bedrooms,asking,1500.0,1,No caution flag,0,,,,,,
2019-04-01,2019Q2,Calgary,3+ bedrooms,asking,1510.0,1,No caution flag,0,1500.0,,0.6666666666666599,,0.0,
2019-07-01,2019Q3,Calgary,3+ bedrooms,asking,1530.0,1,No caution flag,0,1510.0,,1.324503311258285,,0.0,
2019-10-01,2019Q4,Calgary,3+ bedrooms,asking,1510.0,1,No caution flag,0,1530.0,,-1.3071895424836555,,0.0,
2020-01-01,2020Q1,Calgary,3+ bedrooms,asking,1540.0,1,No caution flag,0,1510.0,1500.0,1.9867549668874274,2.6666666666666616,0.0,0.0
2020-04-01,2020Q2,Calgary,3+ bedrooms,asking,1540.0,1,No caution flag,0,1540.0,1510.0,0.0,1.9867549668874274,0.0,0.0
2020-07-01,2020Q3,Calgary,3+ bedrooms,asking,1590.0,1,No caution flag,0,1540.0,1530.0,3.2467532467532534,3.9215686274509887,0.0,0.0
2020-10-01,2020Q4,Calgary,3+ bedrooms,asking,1590.0,1,No caution flag,0,1590.0,1510.0,0.0,5.298013245033117,0.0,0.0
2021-01-01,2021Q1,Calgary,3+ bedrooms,asking,1550.0,1,No caution flag,0,1590.0,1540.0,-2.515723270440251,0.6493506493506551,0.0,0.0
2021-04-01,2021Q2,Calgary,3+ bedrooms,asking,1570.0,1,No caution flag,0,1550.0,1540.0,1.2903225806451646,1.9480519480519431,0.0,0.0
2021-07-01,2021Q3,Calgary,3+ bedrooms,asking,1620.0,1,No caution flag,0,1570.0,1590.0,3.1847133757961776,1.8867924528301883,0.0,0.0
2021-10-01,2021Q4,Calgary,3+ bedrooms,asking,1580.0,1,No caution flag,0,1620.0,1590.0,-2.4691358024691357,-0.6289308176100628,0.0,0.0
2022-01-01,2022Q1,Calgary,3+ bedrooms,asking,1680.0,1,No caution flag,0,1580.0,1550.0,6.329113924050622,8.387096774193559,0.0,0.0
2022-04-01,2022Q2,Calgary,3+ bedrooms,asking,1790.0,1,No caution flag,0,1680.0,1570.0,6.547619047619047,14.012738853503182,0.0,0.0
2022-07-01,2022Q3,Calgary,3+ bedrooms,asking,1900.0,1,No caution flag,0,1790.0,1620.0,6.145251396648055,17.28395061728396,0.0,0.0
2022-10-01,2022Q4,Calgary,3+ bedrooms,asking,1930.0,1,No caution flag,0,1900.0,1580.0,1.5789473684210575,22.151898734177223,0.0,0.0
2023-01-01,2023Q1,Calgary,3+ bedrooms,asking,2010.0,1,No caution flag,0,1930.0,1680.0,4.145077720207246,19.64285714285714,0.0,0.0
2023-04-01,2023Q2,Calgary,3+ bedrooms,asking,2140.0,1,No caution flag,0,2010.0,1790.0,6.467661691542292,19.55307262569832,0.0,0.0
2023-07-01,2023Q3,Calgary,3+ bedrooms,asking,2350.0,1,No caution flag,0,2140.0,1900.0,9.81308411214954,23.684210526315795,0.0,0.0
2023-10-01,2023Q4,Calgary,3+ bedrooms,asking,2350.0,1,No caution flag,0,2350.0,1930.0,0.0,21.761658031088093,0.0,0.0
2024-01-01,2024Q1,Calgary,3+ bedrooms,asking,2410.0,1,No caution flag,0,2350.0,2010.0,2.553191489361706,19.90049751243781,0.0,0.0
2024-04-01,2024Q2,Calgary,3+ bedrooms,asking,2380.0,1,No caution flag,0,2410.0,2140.0,-1.2448132780082943,11.214953271028039,0.0,0.0
2024-07-01,2024Q3,Calgary,3+ bedrooms,asking,2320.0,1,No caution flag,0,2380.0,2350.0,-2.5210084033613467,-1.276595744680853,0.0,0.0
2024-10-01,2024Q4,Calgary,3+ bedrooms,asking,2230.0,1,No caution flag,0,2320.0,2350.0,-3.879310344827591,-5.106382978723401,0.0,0.0
2025-01-01,2025Q1,Calgary,3+ bedrooms,asking,2190.0,1,No caution flag,0,2230.0,2410.0,-1.7937219730941756,-9.128630705394192,0.0,0.0
2025-04-01,2025Q2,Calgary,3+ bedrooms,asking,,0,Unavailable for this period,0,2190.0,2380.0,,,,
2025-07-01,2025Q3,Calgary,3+ bedrooms,asking,,0,Too unreliable to publish,0,,2320.0,,,,
2025-10-01,2025Q4,Calgary,3+ bedrooms,asking,2150.0,1,No caution flag,0,,2230.0,,-3.58744394618834,,0.0
2026-01-01,2026Q1,Calgary,3+ bedrooms,asking,2130.0,1,No caution flag,0,2150.0,2190.0,-0.9302325581395321,-2.73972602739726,0.0,0.0
2026-04-01,2026Q2,Calgary,3+ bedrooms,asking,2180.0,1,No caution flag,0,2130.0,,2.3474178403755763,,0.0,
2019-01-01,2019Q1,Calgary,Studio,asking,910.0,1,No caution flag,0,,,,,,
2019-04-01,2019Q2,Calgary,Studio,asking,880.0,1,No caution flag,0,910.0,,-3.296703296703296,,0.0,
2019-07-01,2019Q3,Calgary,Studio,asking,940.0,1,No caution flag,0,880.0,,6.818181818181812,,0.0,
2019-10-01,2019Q4,Calgary,Studio,asking,930.0,1,No caution flag,0,940.0,,-1.0638297872340385,,0.0,
2020-01-01,2020Q1,Calgary,Studio,asking,880.0,1,No caution flag,0,930.0,910.0,-5.376344086021501,-3.296703296703296,0.0,0.0
2020-04-01,2020Q2,Calgary,Studio,asking,950.0,1,No caution flag,0,880.0,880.0,7.954545454545459,7.954545454545459,0.0,0.0
2020-07-01,2020Q3,Calgary,Studio,asking,920.0,1,No caution flag,0,950.0,940.0,-3.157894736842104,-2.127659574468088,0.0,0.0
2020-10-01,2020Q4,Calgary,Studio,asking,910.0,1,No caution flag,0,920.0,930.0,-1.0869565217391353,-2.1505376344086002,0.0,0.0
2021-01-01,2021Q1,Calgary,Studio,asking,950.0,1,No caution flag,0,910.0,880.0,4.395604395604402,7.954545454545459,0.0,0.0
2021-04-01,2021Q2,Calgary,Studio,asking,930.0,1,No caution flag,0,950.0,950.0,-2.1052631578947323,-2.1052631578947323,0.0,0.0
2021-07-01,2021Q3,Calgary,Studio,asking,960.0,1,No caution flag,0,930.0,920.0,3.2258064516129004,4.347826086956519,0.0,0.0
2021-10-01,2021Q4,Calgary,Studio,asking,950.0,1,No caution flag,0,960.0,910.0,-1.041666666666663,4.395604395604402,0.0,0.0
2022-01-01,2022Q1,Calgary,Studio,asking,960.0,1,No caution flag,0,950.0,950.0,1.0526315789473717,1.0526315789473717,0.0,0.0
2022-04-01,2022Q2,Calgary,Studio,asking,1070.0,1,No caution flag,0,960.0,930.0,11.458333333333325,15.053763440860223,0.0,0.0
2022-07-01,2022Q3,Calgary,Studio,asking,1130.0,1,No caution flag,0,1070.0,960.0,5.607476635514019,17.708333333333325,0.0,0.0
2022-10-01,2022Q4,Calgary,Studio,asking,1180.0,1,No caution flag,0,1130.0,950.0,4.424778761061954,24.210526315789483,0.0,0.0
2023-01-01,2023Q1,Calgary,Studio,asking,1280.0,1,No caution flag,0,1180.0,960.0,8.47457627118644,33.33333333333333,0.0,0.0
2023-04-01,2023Q2,Calgary,Studio,asking,1380.0,1,Use with caution,1,1280.0,1070.0,7.8125,28.971962616822424,1.0,1.0
2023-07-01,2023Q3,Calgary,Studio,asking,1310.0,1,No caution flag,0,1380.0,1130.0,-5.072463768115942,15.92920353982301,1.0,0.0
2023-10-01,2023Q4,Calgary,Studio,asking,1380.0,1,No caution flag,0,1310.0,1180.0,5.343511450381677,16.94915254237288,0.0,0.0
2024-01-01,2024Q1,Calgary,Studio,asking,1420.0,1,No caution flag,0,1380.0,1280.0,2.898550724637672,10.9375,0.0,0.0
2024-04-01,2024Q2,Calgary,Studio,asking,1370.0,1,No caution flag,0,1420.0,1380.0,-3.5211267605633756,-0.7246376811594235,0.0,1.0
2024-07-01,2024Q3,Calgary,Studio,asking,1470.0,1,No caution flag,0,1370.0,1310.0,7.299270072992692,12.213740458015266,0.0,0.0
2024-10-01,2024Q4,Calgary,Studio,asking,1430.0,1,No caution flag,0,1470.0,1380.0,-2.7210884353741527,3.6231884057970953,0.0,0.0
2025-01-01,2025Q1,Calgary,Studio,asking,1410.0,1,No caution flag,0,1430.0,1420.0,-1.3986013986013957,-0.7042253521126751,0.0,0.0
2025-04-01,2025Q2,Calgary,Studio,asking,,0,Unavailable for this period,0,1410.0,1370.0,,,,
2025-07-01,2025Q3,Calgary,Studio,asking,,0,Too unreliable to publish,0,,1470.0,,,,
2025-10-01,2025Q4,Calgary,Studio,asking,1380.0,1,No caution flag,0,,1430.0,,-3.4965034965035002,,0.0
2026-01-01,2026Q1,Calgary,Studio,asking,1370.0,1,No caution flag,0,1380.0,1410.0,-0.7246376811594235,-2.8368794326241176,0.0,0.0
2026-04-01,2026Q2,Calgary,Studio,asking,1320.0,1,No caution flag,0,1370.0,,-3.649635036496346,,0.0,
2019-01-01,2019Q1,Montréal,1 bedroom,asking,980.0,1,No caution flag,0,,,,,,
2019-04-01,2019Q2,Montréal,1 bedroom,asking,990.0,1,No caution flag,0,980.0,,1.0204081632652962,,0.0,
2019-07-01,2019Q3,Montréal,1 bedroom,asking,1100.0,1,No caution flag,0,990.0,,11.111111111111116,,0.0,
2019-10-01,2019Q4,Montréal,1 bedroom,asking,1100.0,1,No caution flag,0,1100.0,,0.0,,0.0,
2020-01-01,2020Q1,Montréal,1 bedroom,asking,1110.0,1,No caution flag,0,1100.0,980.0,0.9090909090909038,13.265306122448983,0.0,0.0
2020-04-01,2020Q2,Montréal,1 bedroom,asking,1130.0,1,No caution flag,0,1110.0,990.0,1.8018018018018056,14.141414141414144,0.0,0.0
2020-07-01,2020Q3,Montréal,1 bedroom,asking,1170.0,1,No caution flag,0,1130.0,1100.0,3.539823008849563,6.363636363636371,0.0,0.0
2020-10-01,2020Q4,Montréal,1 bedroom,asking,1140.0,1,No caution flag,0,1170.0,1100.0,-2.564102564102566,3.6363636363636376,0.0,0.0
2021-01-01,2021Q1,Montréal,1 bedroom,asking,1140.0,1,No caution flag,0,1140.0,1110.0,0.0,2.7027027027026973,0.0,0.0
2021-04-01,2021Q2,Montréal,1 bedroom,asking,1140.0,1,No caution flag,0,1140.0,1130.0,0.0,0.8849557522123908,0.0,0.0
2021-07-01,2021Q3,Montréal,1 bedroom,asking,1170.0,1,No caution flag,0,1140.0,1170.0,2.6315789473684292,0.0,0.0,0.0
2021-10-01,2021Q4,Montréal,1 bedroom,asking,1210.0,1,No caution flag,0,1170.0,1140.0,3.418803418803429,6.140350877192979,0.0,0.0
2022-01-01,2022Q1,Montréal,1 bedroom,asking,1220.0,1,No caution flag,0,1210.0,1140.0,0.8264462809917328,7.017543859649122,0.0,0.0
2022-04-01,2022Q2,Montréal,1 bedroom,asking,1240.0,1,No caution flag,0,1220.0,1140.0,1.6393442622950838,8.771929824561408,0.0,0.0
2022-07-01,2022Q3,Montréal,1 bedroom,asking,1330.0,1,No caution flag,0,1240.0,1170.0,7.258064516129026,13.675213675213671,0.0,0.0
2022-10-01,2022Q4,Montréal,1 bedroom,asking,1370.0,1,No caution flag,0,1330.0,1210.0,3.007518796992481,13.223140495867769,0.0,0.0
2023-01-01,2023Q1,Montréal,1 bedroom,asking,1410.0,1,No caution flag,0,1370.0,1220.0,2.9197080291970767,15.573770491803284,0.0,0.0
2023-04-01,2023Q2,Montréal,1 bedroom,asking,1400.0,1,No caution flag,0,1410.0,1240.0,-0.7092198581560294,12.903225806451623,0.0,0.0
2023-07-01,2023Q3,Montréal,1 bedroom,asking,1480.0,1,No caution flag,0,1400.0,1330.0,5.714285714285716,11.2781954887218,0.0,0.0
2023-10-01,2023Q4,Montréal,1 bedroom,asking,1520.0,1,No caution flag,0,1480.0,1370.0,2.7027027027026973,10.948905109489049,0.0,0.0
2024-01-01,2024Q1,Montréal,1 bedroom,asking,1540.0,1,No caution flag,0,1520.0,1410.0,1.3157894736842035,9.219858156028371,0.0,0.0
2024-04-01,2024Q2,Montréal,1 bedroom,asking,1540.0,1,No caution flag,0,1540.0,1400.0,0.0,10.000000000000009,0.0,0.0
2024-07-01,2024Q3,Montréal,1 bedroom,asking,1570.0,1,No caution flag,0,1540.0,1480.0,1.9480519480519431,6.0810810810810745,0.0,0.0
2024-10-01,2024Q4,Montréal,1 bedroom,asking,1550.0,1,No caution flag,0,1570.0,1520.0,-1.273885350318471,1.9736842105263053,0.0,0.0
2025-01-01,2025Q1,Montréal,1 bedroom,asking,1540.0,1,No caution flag,0,1550.0,1540.0,-0.6451612903225823,0.0,0.0,0.0
2025-04-01,2025Q2,Montréal,1 bedroom,asking,1530.0,1,Use with caution,1,1540.0,1540.0,-0.649350649350644,-0.649350649350644,1.0,1.0
2025-07-01,2025Q3,Montréal,1 bedroom,asking,1550.0,1,No caution flag,0,1530.0,1570.0,1.3071895424836555,-1.273885350318471,1.0,0.0
2025-10-01,2025Q4,Montréal,1 bedroom,asking,1550.0,1,No caution flag,0,1550.0,1550.0,0.0,0.0,0.0,0.0
2026-01-01,2026Q1,Montréal,1 bedroom,asking,1530.0,1,No caution flag,0,1550.0,1540.0,-1.2903225806451646,-0.649350649350644,0.0,0.0
2026-04-01,2026Q2,Montréal,1 bedroom,asking,1480.0,1,No caution flag,0,1530.0,1530.0,-3.26797385620915,-3.26797385620915,0.0,1.0
2019-01-01,2019Q1,Montréal,1 bedroom,paid,760.0,1,No caution flag,0,,,,,,
2019-04-01,2019Q2,Montréal,1 bedroom,paid,780.0,1,No caution flag,0,760.0,,2.6315789473684292,,0.0,
2019-07-01,2019Q3,Montréal,1 bedroom,paid,800.0,1,No caution flag,0,780.0,,2.564102564102555,,0.0,
2019-10-01,2019Q4,Montréal,1 bedroom,paid,820.0,1,Use with caution,1,800.0,,2.499999999999991,,1.0,
2020-01-01,2020Q1,Montréal,1 bedroom,paid,830.0,1,Use with caution,1,820.0,760.0,1.2195121951219523,9.210526315789469,1.0,1.0
2020-04-01,2020Q2,Montréal,1 bedroom,paid,820.0,1,No caution flag,0,830.0,780.0,-1.2048192771084376,5.128205128205132,1.0,0.0
2020-07-01,2020Q3,Montréal,1 bedroom,paid,810.0,1,No caution flag,0,820.0,800.0,-1.2195121951219523,1.2499999999999956,0.0,0.0
2020-10-01,2020Q4,Montréal,1 bedroom,paid,810.0,1,No caution flag,0,810.0,820.0,0.0,-1.2195121951219523,0.0,1.0
2021-01-01,2021Q1,Montréal,1 bedroom,paid,820.0,1,No caution flag,0,810.0,830.0,1.2345679012345734,-1.2048192771084376,0.0,1.0
2021-04-01,2021Q2,Montréal,1 bedroom,paid,830.0,1,No caution flag,0,820.0,820.0,1.2195121951219523,1.2195121951219523,0.0,0.0
2021-07-01,2021Q3,Montréal,1 bedroom,paid,840.0,1,No caution flag,0,830.0,810.0,1.2048192771084265,3.703703703703698,0.0,0.0
2021-10-01,2021Q4,Montréal,1 bedroom,paid,850.0,1,No caution flag,0,840.0,810.0,1.1904761904761862,4.938271604938271,0.0,0.0
2022-01-01,2022Q1,Montréal,1 bedroom,paid,860.0,1,No caution flag,0,850.0,820.0,1.17647058823529,4.878048780487809,0.0,0.0
2022-04-01,2022Q2,Montréal,1 bedroom,paid,860.0,1,No caution flag,0,860.0,830.0,0.0,3.6144578313253017,0.0,0.0
2022-07-01,2022Q3,Montréal,1 bedroom,paid,860.0,1,No caution flag,0,860.0,840.0,0.0,2.3809523809523725,0.0,0.0
2022-10-01,2022Q4,Montréal,1 bedroom,paid,850.0,1,Use with caution,1,860.0,850.0,-1.1627906976744207,0.0,1.0,1.0
2023-01-01,2023Q1,Montréal,1 bedroom,paid,870.0,1,Use with caution,1,850.0,860.0,2.35294117647058,1.1627906976744207,1.0,1.0
2023-04-01,2023Q2,Montréal,1 bedroom,paid,880.0,1,Use with caution,1,870.0,860.0,1.1494252873563315,2.3255813953488413,1.0,1.0
2023-07-01,2023Q3,Montréal,1 bedroom,paid,900.0,1,Use with caution,1,880.0,860.0,2.2727272727272707,4.651162790697683,1.0,1.0
2023-10-01,2023Q4,Montréal,1 bedroom,paid,900.0,1,Use with caution,1,900.0,850.0,0.0,5.882352941176472,1.0,1.0
2024-01-01,2024Q1,Montréal,1 bedroom,paid,920.0,1,Use with caution,1,900.0,870.0,2.2222222222222143,5.747126436781613,1.0,1.0
2024-04-01,2024Q2,Montréal,1 bedroom,paid,970.0,1,No caution flag,0,920.0,880.0,5.434782608695654,10.22727272727273,1.0,1.0
2024-07-01,2024Q3,Montréal,1 bedroom,paid,1010.0,1,No caution flag,0,970.0,900.0,4.123711340206193,12.222222222222223,0.0,1.0
2024-10-01,2024Q4,Montréal,1 bedroom,paid,1020.0,1,No caution flag,0,1010.0,900.0,0.990099009900991,13.33333333333333,0.0,1.0
2025-01-01,2025Q1,Montréal,1 bedroom,paid,1020.0,1,No caution flag,0,1020.0,920.0,0.0,10.869565217391308,0.0,1.0
2025-04-01,2025Q2,Montréal,1 bedroom,paid,1060.0,1,No caution flag,0,1020.0,970.0,3.9215686274509887,9.278350515463906,0.0,0.0
2025-07-01,2025Q3,Montréal,1 bedroom,paid,1130.0,1,Use with caution,1,1060.0,1010.0,6.60377358490567,11.881188118811892,1.0,1.0
2025-10-01,2025Q4,Montréal,1 bedroom,paid,1180.0,1,Use with caution,1,1130.0,1020.0,4.424778761061954,15.686274509803933,1.0,1.0
2026-01-01,2026Q1,Montréal,1 bedroom,paid,1190.0,1,Use with caution,1,1180.0,1020.0,0.8474576271186418,16.666666666666675,1.0,1.0
2026-04-01,2026Q2,Montréal,1 bedroom,paid,1170.0,1,No caution flag,0,1190.0,1060.0,-1.6806722689075682,10.377358490566046,1.0,0.0
2019-01-01,2019Q1,Montréal,2 bedrooms,asking,1130.0,1,No caution flag,0,,,,,,
2019-04-01,2019Q2,Montréal,2 bedrooms,asking,1170.0,1,No caution flag,0,1130.0,,3.539823008849563,,0.0,
2019-07-01,2019Q3,Montréal,2 bedrooms,asking,1310.0,1,No caution flag,0,1170.0,,11.965811965811968,,0.0,
2019-10-01,2019Q4,Montréal,2 bedrooms,asking,1360.0,1,No caution flag,0,1310.0,,3.8167938931297662,,0.0,
2020-01-01,2020Q1,Montréal,2 bedrooms,asking,1330.0,1,No caution flag,0,1360.0,1130.0,-2.2058823529411797,17.699115044247794,0.0,0.0
2020-04-01,2020Q2,Montréal,2 bedrooms,asking,1350.0,1,No caution flag,0,1330.0,1170.0,1.5037593984962516,15.384615384615374,0.0,0.0
2020-07-01,2020Q3,Montréal,2 bedrooms,asking,1420.0,1,No caution flag,0,1350.0,1310.0,5.185185185185182,8.3969465648855,0.0,0.0
2020-10-01,2020Q4,Montréal,2 bedrooms,asking,1390.0,1,No caution flag,0,1420.0,1360.0,-2.1126760563380254,2.2058823529411686,0.0,0.0
2021-01-01,2021Q1,Montréal,2 bedrooms,asking,1400.0,1,No caution flag,0,1390.0,1330.0,0.7194244604316502,5.263157894736836,0.0,0.0
2021-04-01,2021Q2,Montréal,2 bedrooms,asking,1420.0,1,No caution flag,0,1400.0,1350.0,1.4285714285714235,5.185185185185182,0.0,0.0
2021-07-01,2021Q3,Montréal,2 bedrooms,asking,1460.0,1,No caution flag,0,1420.0,1420.0,2.8169014084507005,2.8169014084507005,0.0,0.0
2021-10-01,2021Q4,Montréal,2 bedrooms,asking,1530.0,1,No caution flag,0,1460.0,1390.0,4.794520547945202,10.07194244604317,0.0,0.0
2022-01-01,2022Q1,Montréal,2 bedrooms,asking,1530.0,1,No caution flag,0,1530.0,1400.0,0.0,9.285714285714274,0.0,0.0
2022-04-01,2022Q2,Montréal,2 bedrooms,asking,1550.0,1,No caution flag,0,1530.0,1420.0,1.3071895424836555,9.154929577464799,0.0,0.0
2022-07-01,2022Q3,Montréal,2 bedrooms,asking,1690.0,1,No caution flag,0,1550.0,1460.0,9.03225806451613,15.753424657534243,0.0,0.0
2022-10-01,2022Q4,Montréal,2 bedrooms,asking,1750.0,1,No caution flag,0,1690.0,1530.0,3.5502958579881616,14.379084967320255,0.0,0.0
2023-01-01,2023Q1,Montréal,2 bedrooms,asking,1770.0,1,No caution flag,0,1750.0,1530.0,1.1428571428571344,15.686274509803933,0.0,0.0
2023-04-01,2023Q2,Montréal,2 bedrooms,asking,1780.0,1,No caution flag,0,1770.0,1550.0,0.5649717514124353,14.83870967741936,0.0,0.0
2023-07-01,2023Q3,Montréal,2 bedrooms,asking,1880.0,1,No caution flag,0,1780.0,1690.0,5.617977528089879,11.242603550295849,0.0,0.0
2023-10-01,2023Q4,Montréal,2 bedrooms,asking,1920.0,1,No caution flag,0,1880.0,1750.0,2.127659574468077,9.714285714285719,0.0,0.0
2024-01-01,2024Q1,Montréal,2 bedrooms,asking,1940.0,1,No caution flag,0,1920.0,1770.0,1.041666666666674,9.604519774011289,0.0,0.0
2024-04-01,2024Q2,Montréal,2 bedrooms,asking,1890.0,1,No caution flag,0,1940.0,1780.0,-2.577319587628868,6.17977528089888,0.0,0.0
2024-07-01,2024Q3,Montréal,2 bedrooms,asking,1950.0,1,No caution flag,0,1890.0,1880.0,3.1746031746031855,3.7234042553191404,0.0,0.0
2024-10-01,2024Q4,Montréal,2 bedrooms,asking,1930.0,1,No caution flag,0,1950.0,1920.0,-1.025641025641022,0.5208333333333259,0.0,0.0
2025-01-01,2025Q1,Montréal,2 bedrooms,asking,1930.0,1,No caution flag,0,1930.0,1940.0,0.0,-0.5154639175257714,0.0,0.0
2025-04-01,2025Q2,Montréal,2 bedrooms,asking,1920.0,1,Use with caution,1,1930.0,1890.0,-0.5181347150259086,1.5873015873015817,1.0,1.0
2025-07-01,2025Q3,Montréal,2 bedrooms,asking,1930.0,1,No caution flag,0,1920.0,1950.0,0.5208333333333259,-1.025641025641022,1.0,0.0
2025-10-01,2025Q4,Montréal,2 bedrooms,asking,1920.0,1,No caution flag,0,1930.0,1930.0,-0.5181347150259086,-0.5181347150259086,0.0,0.0
2026-01-01,2026Q1,Montréal,2 bedrooms,asking,1900.0,1,No caution flag,0,1920.0,1930.0,-1.041666666666663,-1.5544041450777257,0.0,0.0
2026-04-01,2026Q2,Montréal,2 bedrooms,asking,1820.0,1,No caution flag,0,1900.0,1920.0,-4.210526315789476,-5.2083333333333375,0.0,1.0
2019-01-01,2019Q1,Montréal,2 bedrooms,paid,830.0,1,No caution flag,0,,,,,,
2019-04-01,2019Q2,Montréal,2 bedrooms,paid,830.0,1,No caution flag,0,830.0,,0.0,,0.0,
2019-07-01,2019Q3,Montréal,2 bedrooms,paid,840.0,1,No caution flag,0,830.0,,1.2048192771084265,,0.0,
2019-10-01,2019Q4,Montréal,2 bedrooms,paid,860.0,1,No caution flag,0,840.0,,2.3809523809523725,,0.0,
2020-01-01,2020Q1,Montréal,2 bedrooms,paid,880.0,1,No caution flag,0,860.0,830.0,2.3255813953488413,6.024096385542177,0.0,0.0
2020-04-01,2020Q2,Montréal,2 bedrooms,paid,880.0,1,No caution flag,0,880.0,830.0,0.0,6.024096385542177,0.0,0.0
2020-07-01,2020Q3,Montréal,2 bedrooms,paid,880.0,1,No caution flag,0,880.0,840.0,0.0,4.761904761904767,0.0,0.0
2020-10-01,2020Q4,Montréal,2 bedrooms,paid,880.0,1,No caution flag,0,880.0,860.0,0.0,2.3255813953488413,0.0,0.0
2021-01-01,2021Q1,Montréal,2 bedrooms,paid,890.0,1,No caution flag,0,880.0,880.0,1.1363636363636465,1.1363636363636465,0.0,0.0
2021-04-01,2021Q2,Montréal,2 bedrooms,paid,900.0,1,No caution flag,0,890.0,880.0,1.1235955056179803,2.2727272727272707,0.0,0.0
2021-07-01,2021Q3,Montréal,2 bedrooms,paid,910.0,1,No caution flag,0,900.0,880.0,1.1111111111111072,3.409090909090917,0.0,0.0
2021-10-01,2021Q4,Montréal,2 bedrooms,paid,930.0,1,No caution flag,0,910.0,880.0,2.19780219780219,5.681818181818188,0.0,0.0
2022-01-01,2022Q1,Montréal,2 bedrooms,paid,950.0,1,No caution flag,0,930.0,890.0,2.1505376344086002,6.741573033707859,0.0,0.0
2022-04-01,2022Q2,Montréal,2 bedrooms,paid,960.0,1,No caution flag,0,950.0,900.0,1.0526315789473717,6.666666666666665,0.0,0.0
2022-07-01,2022Q3,Montréal,2 bedrooms,paid,970.0,1,No caution flag,0,960.0,910.0,1.041666666666674,6.593406593406592,0.0,0.0
2022-10-01,2022Q4,Montréal,2 bedrooms,paid,970.0,1,No caution flag,0,970.0,930.0,0.0,4.3010752688172005,0.0,0.0
2023-01-01,2023Q1,Montréal,2 bedrooms,paid,990.0,1,No caution flag,0,970.0,950.0,2.0618556701030855,4.210526315789465,0.0,0.0
2023-04-01,2023Q2,Montréal,2 bedrooms,paid,1000.0,1,No caution flag,0,990.0,960.0,1.0101010101010166,4.166666666666674,0.0,0.0
2023-07-01,2023Q3,Montréal,2 bedrooms,paid,1010.0,1,Use with caution,1,1000.0,970.0,1.0000000000000009,4.123711340206193,1.0,1.0
2023-10-01,2023Q4,Montréal,2 bedrooms,paid,1040.0,1,Use with caution,1,1010.0,970.0,2.970297029702973,7.216494845360821,1.0,1.0
2024-01-01,2024Q1,Montréal,2 bedrooms,paid,1060.0,1,No caution flag,0,1040.0,990.0,1.9230769230769162,7.070707070707072,1.0,0.0
2024-04-01,2024Q2,Montréal,2 bedrooms,paid,1090.0,1,No caution flag,0,1060.0,1000.0,2.8301886792452935,9.000000000000007,0.0,0.0
2024-07-01,2024Q3,Montréal,2 bedrooms,paid,1130.0,1,No caution flag,0,1090.0,1010.0,3.669724770642202,11.881188118811892,0.0,1.0
2024-10-01,2024Q4,Montréal,2 bedrooms,paid,1170.0,1,No caution flag,0,1130.0,1040.0,3.539823008849563,12.5,0.0,1.0
2025-01-01,2025Q1,Montréal,2 bedrooms,paid,1190.0,1,No caution flag,0,1170.0,1060.0,1.7094017094017033,12.264150943396235,0.0,0.0
2025-04-01,2025Q2,Montréal,2 bedrooms,paid,1210.0,1,No caution flag,0,1190.0,1090.0,1.680672268907557,11.009174311926607,0.0,0.0
2025-07-01,2025Q3,Montréal,2 bedrooms,paid,1240.0,1,No caution flag,0,1210.0,1130.0,2.4793388429751984,9.734513274336276,0.0,0.0
2025-10-01,2025Q4,Montréal,2 bedrooms,paid,1290.0,1,No caution flag,0,1240.0,1170.0,4.0322580645161255,10.256410256410264,0.0,0.0
2026-01-01,2026Q1,Montréal,2 bedrooms,paid,1340.0,1,No caution flag,0,1290.0,1190.0,3.875968992248069,12.605042016806722,0.0,0.0
2026-04-01,2026Q2,Montréal,2 bedrooms,paid,1360.0,1,No caution flag,0,1340.0,1210.0,1.4925373134328401,12.396694214876035,0.0,0.0
2019-01-01,2019Q1,Montréal,3+ bedrooms,asking,1610.0,1,No caution flag,0,,,,,,
2019-04-01,2019Q2,Montréal,3+ bedrooms,asking,1500.0,1,No caution flag,0,1610.0,,-6.8322981366459645,,0.0,
2019-07-01,2019Q3,Montréal,3+ bedrooms,asking,1620.0,1,No caution flag,0,1500.0,,8.000000000000007,,0.0,
2019-10-01,2019Q4,Montréal,3+ bedrooms,asking,1680.0,1,No caution flag,0,1620.0,,3.703703703703698,,0.0,
2020-01-01,2020Q1,Montréal,3+ bedrooms,asking,1730.0,1,No caution flag,0,1680.0,1610.0,2.9761904761904656,7.453416149068315,0.0,0.0
2020-04-01,2020Q2,Montréal,3+ bedrooms,asking,1660.0,1,No caution flag,0,1730.0,1500.0,-4.046242774566478,10.666666666666668,0.0,0.0
2020-07-01,2020Q3,Montréal,3+ bedrooms,asking,1720.0,1,No caution flag,0,1660.0,1620.0,3.6144578313253017,6.172839506172845,0.0,0.0
2020-10-01,2020Q4,Montréal,3+ bedrooms,asking,1730.0,1,No caution flag,0,1720.0,1680.0,0.5813953488372103,2.9761904761904656,0.0,0.0
2021-01-01,2021Q1,Montréal,3+ bedrooms,asking,1780.0,1,No caution flag,0,1730.0,1730.0,2.8901734104046284,2.8901734104046284,0.0,0.0
2021-04-01,2021Q2,Montréal,3+ bedrooms,asking,1720.0,1,No caution flag,0,1780.0,1660.0,-3.3707865168539297,3.6144578313253017,0.0,0.0
2021-07-01,2021Q3,Montréal,3+ bedrooms,asking,1780.0,1,No caution flag,0,1720.0,1720.0,3.488372093023262,3.488372093023262,0.0,0.0
2021-10-01,2021Q4,Montréal,3+ bedrooms,asking,1810.0,1,No caution flag,0,1780.0,1730.0,1.6853932584269593,4.6242774566473965,0.0,0.0
2022-01-01,2022Q1,Montréal,3+ bedrooms,asking,1910.0,1,No caution flag,0,1810.0,1780.0,5.524861878453047,7.303370786516861,0.0,0.0
2022-04-01,2022Q2,Montréal,3+ bedrooms,asking,1890.0,1,No caution flag,0,1910.0,1720.0,-1.0471204188481686,9.883720930232553,0.0,0.0
2022-07-01,2022Q3,Montréal,3+ bedrooms,asking,2010.0,1,No caution flag,0,1890.0,1780.0,6.349206349206349,12.921348314606739,0.0,0.0
2022-10-01,2022Q4,Montréal,3+ bedrooms,asking,2040.0,1,No caution flag,0,2010.0,1810.0,1.4925373134328401,12.70718232044199,0.0,0.0
2023-01-01,2023Q1,Montréal,3+ bedrooms,asking,2190.0,1,No caution flag,0,2040.0,1910.0,7.352941176470584,14.659685863874339,0.0,0.0
2023-04-01,2023Q2,Montréal,3+ bedrooms,asking,2150.0,1,No caution flag,0,2190.0,1890.0,-1.82648401826484,13.756613756613767,0.0,0.0
2023-07-01,2023Q3,Montréal,3+ bedrooms,asking,2260.0,1,No caution flag,0,2150.0,2010.0,5.116279069767438,12.43781094527363,0.0,0.0
2023-10-01,2023Q4,Montréal,3+ bedrooms,asking,2360.0,1,No caution flag,0,2260.0,2040.0,4.424778761061954,15.686274509803933,0.0,0.0
2024-01-01,2024Q1,Montréal,3+ bedrooms,asking,2450.0,1,No caution flag,0,2360.0,2190.0,3.813559322033888,11.87214611872147,0.0,0.0
2024-04-01,2024Q2,Montréal,3+ bedrooms,asking,2320.0,1,No caution flag,0,2450.0,2150.0,-5.306122448979589,7.906976744186056,0.0,0.0
2024-07-01,2024Q3,Montréal,3+ bedrooms,asking,2330.0,1,No caution flag,0,2320.0,2260.0,0.4310344827586299,3.0973451327433565,0.0,0.0
2024-10-01,2024Q4,Montréal,3+ bedrooms,asking,2350.0,1,No caution flag,0,2330.0,2360.0,0.8583690987124415,-0.4237288135593209,0.0,0.0
2025-01-01,2025Q1,Montréal,3+ bedrooms,asking,2420.0,1,No caution flag,0,2350.0,2450.0,2.9787234042553123,-1.224489795918371,0.0,0.0
2025-04-01,2025Q2,Montréal,3+ bedrooms,asking,2400.0,1,Use with caution,1,2420.0,2320.0,-0.8264462809917328,3.4482758620689724,1.0,1.0
2025-07-01,2025Q3,Montréal,3+ bedrooms,asking,2370.0,1,No caution flag,0,2400.0,2330.0,-1.2499999999999956,1.716738197424883,1.0,0.0
2025-10-01,2025Q4,Montréal,3+ bedrooms,asking,2380.0,1,No caution flag,0,2370.0,2350.0,0.42194092827003704,1.2765957446808418,0.0,0.0
2026-01-01,2026Q1,Montréal,3+ bedrooms,asking,2390.0,1,No caution flag,0,2380.0,2420.0,0.42016806722688926,-1.2396694214875992,0.0,0.0
2026-04-01,2026Q2,Montréal,3+ bedrooms,asking,2260.0,1,No caution flag,0,2390.0,2400.0,-5.4393305439330515,-5.833333333333335,0.0,1.0
2019-01-01,2019Q1,Montréal,3+ bedrooms,paid,920.0,1,No caution flag,0,,,,,,
2019-04-01,2019Q2,Montréal,3+ bedrooms,paid,920.0,1,Use with caution,1,920.0,,0.0,,1.0,
2019-07-01,2019Q3,Montréal,3+ bedrooms,paid,940.0,1,No caution flag,0,920.0,,2.1739130434782705,,1.0,
2019-10-01,2019Q4,Montréal,3+ bedrooms,paid,980.0,1,No caution flag,0,940.0,,4.255319148936176,,0.0,
2020-01-01,2020Q1,Montréal,3+ bedrooms,paid,980.0,1,No caution flag,0,980.0,920.0,0.0,6.521739130434789,0.0,0.0
2020-04-01,2020Q2,Montréal,3+ bedrooms,paid,960.0,1,No caution flag,0,980.0,920.0,-2.0408163265306145,4.347826086956519,0.0,1.0
2020-07-01,2020Q3,Montréal,3+ bedrooms,paid,950.0,1,Use with caution,1,960.0,940.0,-1.041666666666663,1.0638297872340496,1.0,1.0
2020-10-01,2020Q4,Montréal,3+ bedrooms,paid,950.0,1,Use with caution,1,950.0,980.0,0.0,-3.0612244897959218,1.0,1.0
2021-01-01,2021Q1,Montréal,3+ bedrooms,paid,970.0,1,No caution flag,0,950.0,980.0,2.1052631578947434,-1.0204081632653073,1.0,0.0
2021-04-01,2021Q2,Montréal,3+ bedrooms,paid,990.0,1,No caution flag,0,970.0,960.0,2.0618556701030855,3.125,0.0,0.0
2021-07-01,2021Q3,Montréal,3+ bedrooms,paid,1000.0,1,No caution flag,0,990.0,950.0,1.0101010101010166,5.263157894736836,0.0,1.0
2021-10-01,2021Q4,Montréal,3+ bedrooms,paid,1030.0,1,No caution flag,0,1000.0,950.0,3.0000000000000027,8.421052631578952,0.0,1.0
2022-01-01,2022Q1,Montréal,3+ bedrooms,paid,1040.0,1,No caution flag,0,1030.0,970.0,0.9708737864077666,7.216494845360821,0.0,0.0
2022-04-01,2022Q2,Montréal,3+ bedrooms,paid,1060.0,1,No caution flag,0,1040.0,990.0,1.9230769230769162,7.070707070707072,0.0,0.0
2022-07-01,2022Q3,Montréal,3+ bedrooms,paid,1060.0,1,No caution flag,0,1060.0,1000.0,0.0,6.000000000000005,0.0,0.0
2022-10-01,2022Q4,Montréal,3+ bedrooms,paid,1080.0,1,No caution flag,0,1060.0,1030.0,1.8867924528301883,4.854368932038833,0.0,0.0
2023-01-01,2023Q1,Montréal,3+ bedrooms,paid,1110.0,1,No caution flag,0,1080.0,1040.0,2.777777777777768,6.730769230769229,0.0,0.0
2023-04-01,2023Q2,Montréal,3+ bedrooms,paid,1140.0,1,No caution flag,0,1110.0,1060.0,2.7027027027026973,7.547169811320753,0.0,0.0
2023-07-01,2023Q3,Montréal,3+ bedrooms,paid,1170.0,1,No caution flag,0,1140.0,1060.0,2.6315789473684292,10.377358490566046,0.0,0.0
2023-10-01,2023Q4,Montréal,3+ bedrooms,paid,1180.0,1,No caution flag,0,1170.0,1080.0,0.8547008547008517,9.259259259259256,0.0,0.0
2024-01-01,2024Q1,Montréal,3+ bedrooms,paid,1180.0,1,No caution flag,0,1180.0,1110.0,0.0,6.3063063063063085,0.0,0.0
2024-04-01,2024Q2,Montréal,3+ bedrooms,paid,1200.0,1,No caution flag,0,1180.0,1140.0,1.6949152542372836,5.263157894736836,0.0,0.0
2024-07-01,2024Q3,Montréal,3+ bedrooms,paid,1240.0,1,No caution flag,0,1200.0,1170.0,3.3333333333333437,5.982905982905984,0.0,0.0
2024-10-01,2024Q4,Montréal,3+ bedrooms,paid,1270.0,1,No caution flag,0,1240.0,1180.0,2.4193548387096753,7.6271186440677985,0.0,0.0
2025-01-01,2025Q1,Montréal,3+ bedrooms,paid,1260.0,1,No caution flag,0,1270.0,1180.0,-0.7874015748031482,6.779661016949157,0.0,0.0
2025-04-01,2025Q2,Montréal,3+ bedrooms,paid,1260.0,1,Use with caution,1,1260.0,1200.0,0.0,5.000000000000004,1.0,1.0
2025-07-01,2025Q3,Montréal,3+ bedrooms,paid,1310.0,1,No caution flag,0,1260.0,1240.0,3.9682539682539764,5.645161290322576,1.0,0.0
2025-10-01,2025Q4,Montréal,3+ bedrooms,paid,1380.0,1,No caution flag,0,1310.0,1270.0,5.343511450381677,8.661417322834652,0.0,0.0
2026-01-01,2026Q1,Montréal,3+ bedrooms,paid,1430.0,1,No caution flag,0,1380.0,1260.0,3.6231884057970953,13.492063492063489,0.0,0.0
2026-04-01,2026Q2,Montréal,3+ bedrooms,paid,1440.0,1,No caution flag,0,1430.0,1260.0,0.6993006993007089,14.28571428571428,0.0,1.0
2019-01-01,2019Q1,Montréal,Studio,asking,860.0,1,No caution flag,0,,,,,,
2019-04-01,2019Q2,Montréal,Studio,asking,840.0,1,No caution flag,0,860.0,,-2.3255813953488413,,0.0,
2019-07-01,2019Q3,Montréal,Studio,asking,900.0,1,No caution flag,0,840.0,,7.14285714285714,,0.0,
2019-10-01,2019Q4,Montréal,Studio,asking,890.0,1,No caution flag,0,900.0,,-1.1111111111111072,,0.0,
2020-01-01,2020Q1,Montréal,Studio,asking,920.0,1,No caution flag,0,890.0,860.0,3.370786516853941,6.976744186046502,0.0,0.0
2020-04-01,2020Q2,Montréal,Studio,asking,920.0,1,No caution flag,0,920.0,840.0,0.0,9.523809523809534,0.0,0.0
2020-07-01,2020Q3,Montréal,Studio,asking,940.0,1,No caution flag,0,920.0,900.0,2.1739130434782705,4.444444444444451,0.0,0.0
2020-10-01,2020Q4,Montréal,Studio,asking,910.0,1,No caution flag,0,940.0,890.0,-3.1914893617021267,2.2471910112359605,0.0,0.0
2021-01-01,2021Q1,Montréal,Studio,asking,900.0,1,No caution flag,0,910.0,920.0,-1.098901098901095,-2.1739130434782594,0.0,0.0
2021-04-01,2021Q2,Montréal,Studio,asking,920.0,1,No caution flag,0,900.0,920.0,2.2222222222222143,0.0,0.0,0.0
2021-07-01,2021Q3,Montréal,Studio,asking,940.0,1,No caution flag,0,920.0,940.0,2.1739130434782705,0.0,0.0,0.0
2021-10-01,2021Q4,Montréal,Studio,asking,950.0,1,No caution flag,0,940.0,910.0,1.0638297872340496,4.395604395604402,0.0,0.0
2022-01-01,2022Q1,Montréal,Studio,asking,980.0,1,No caution flag,0,950.0,900.0,3.157894736842115,8.888888888888879,0.0,0.0
2022-04-01,2022Q2,Montréal,Studio,asking,1000.0,1,No caution flag,0,980.0,920.0,2.0408163265306145,8.695652173913038,0.0,0.0
2022-07-01,2022Q3,Montréal,Studio,asking,1050.0,1,No caution flag,0,1000.0,940.0,5.000000000000004,11.702127659574458,0.0,0.0
2022-10-01,2022Q4,Montréal,Studio,asking,1090.0,1,No caution flag,0,1050.0,950.0,3.809523809523818,14.73684210526316,0.0,0.0
2023-01-01,2023Q1,Montréal,Studio,asking,1170.0,1,No caution flag,0,1090.0,980.0,7.339449541284404,19.387755102040828,0.0,0.0
2023-04-01,2023Q2,Montréal,Studio,asking,1110.0,1,No caution flag,0,1170.0,1000.0,-5.128205128205132,11.00000000000001,0.0,0.0
2023-07-01,2023Q3,Montréal,Studio,asking,1190.0,1,No caution flag,0,1110.0,1050.0,7.2072072072072,13.33333333333333,0.0,0.0
2023-10-01,2023Q4,Montréal,Studio,asking,1250.0,1,No caution flag,0,1190.0,1090.0,5.042016806722693,14.678899082568808,0.0,0.0
2024-01-01,2024Q1,Montréal,Studio,asking,1280.0,1,No caution flag,0,1250.0,1170.0,2.400000000000002,9.401709401709413,0.0,0.0
2024-04-01,2024Q2,Montréal,Studio,asking,1290.0,1,No caution flag,0,1280.0,1110.0,0.78125,16.216216216216207,0.0,0.0
2024-07-01,2024Q3,Montréal,Studio,asking,1290.0,1,No caution flag,0,1290.0,1190.0,0.0,8.403361344537807,0.0,0.0
2024-10-01,2024Q4,Montréal,Studio,asking,1310.0,1,No caution flag,0,1290.0,1250.0,1.5503875968992276,4.800000000000004,0.0,0.0
2025-01-01,2025Q1,Montréal,Studio,asking,1290.0,1,No caution flag,0,1310.0,1280.0,-1.526717557251911,0.78125,0.0,0.0
2025-04-01,2025Q2,Montréal,Studio,asking,1310.0,1,Use with caution,1,1290.0,1290.0,1.5503875968992276,1.5503875968992276,1.0,1.0
2025-07-01,2025Q3,Montréal,Studio,asking,1320.0,1,No caution flag,0,1310.0,1290.0,0.7633587786259444,2.3255813953488413,1.0,0.0
2025-10-01,2025Q4,Montréal,Studio,asking,1290.0,1,No caution flag,0,1320.0,1310.0,-2.2727272727272707,-1.526717557251911,0.0,0.0
2026-01-01,2026Q1,Montréal,Studio,asking,1270.0,1,No caution flag,0,1290.0,1290.0,-1.5503875968992276,-1.5503875968992276,0.0,0.0
2026-04-01,2026Q2,Montréal,Studio,asking,1250.0,1,No caution flag,0,1270.0,1310.0,-1.5748031496062964,-4.580152671755721,0.0,1.0
2019-01-01,2019Q1,Ottawa–Gatineau (Ontario),1 bedroom,asking,1360.0,1,No caution flag,0,,,,,,
2019-04-01,2019Q2,Ottawa–Gatineau (Ontario),1 bedroom,asking,1410.0,1,No caution flag,0,1360.0,,3.6764705882353033,,0.0,
2019-07-01,2019Q3,Ottawa–Gatineau (Ontario),1 bedroom,asking,1510.0,1,No caution flag,0,1410.0,,7.092198581560294,,0.0,
2019-10-01,2019Q4,Ottawa–Gatineau (Ontario),1 bedroom,asking,1510.0,1,No caution flag,0,1510.0,,0.0,,0.0,
2020-01-01,2020Q1,Ottawa–Gatineau (Ontario),1 bedroom,asking,1560.0,1,No caution flag,0,1510.0,1360.0,3.31125827814569,14.705882352941169,0.0,0.0
2020-04-01,2020Q2,Ottawa–Gatineau (Ontario),1 bedroom,asking,1550.0,1,No caution flag,0,1560.0,1410.0,-0.6410256410256387,9.92907801418439,0.0,0.0
2020-07-01,2020Q3,Ottawa–Gatineau (Ontario),1 bedroom,asking,1530.0,1,No caution flag,0,1550.0,1510.0,-1.2903225806451646,1.324503311258285,0.0,0.0
2020-10-01,2020Q4,Ottawa–Gatineau (Ontario),1 bedroom,asking,1500.0,1,No caution flag,0,1530.0,1510.0,-1.9607843137254943,-0.6622516556291425,0.0,0.0
2021-01-01,2021Q1,Ottawa–Gatineau (Ontario),1 bedroom,asking,1510.0,1,No caution flag,0,1500.0,1560.0,0.6666666666666599,-3.205128205128205,0.0,0.0
2021-04-01,2021Q2,Ottawa–Gatineau (Ontario),1 bedroom,asking,1550.0,1,No caution flag,0,1510.0,1550.0,2.6490066225165476,0.0,0.0,0.0
2021-07-01,2021Q3,Ottawa–Gatineau (Ontario),1 bedroom,asking,1560.0,1,No caution flag,0,1550.0,1530.0,0.6451612903225712,1.9607843137254832,0.0,0.0
2021-10-01,2021Q4,Ottawa–Gatineau (Ontario),1 bedroom,asking,1570.0,1,No caution flag,0,1560.0,1500.0,0.6410256410256387,4.666666666666663,0.0,0.0
2022-01-01,2022Q1,Ottawa–Gatineau (Ontario),1 bedroom,asking,1610.0,1,No caution flag,0,1570.0,1510.0,2.547770700636942,6.62251655629138,0.0,0.0
2022-04-01,2022Q2,Ottawa–Gatineau (Ontario),1 bedroom,asking,1640.0,1,No caution flag,0,1610.0,1550.0,1.8633540372670732,5.8064516129032295,0.0,0.0
2022-07-01,2022Q3,Ottawa–Gatineau (Ontario),1 bedroom,asking,1740.0,1,No caution flag,0,1640.0,1560.0,6.0975609756097615,11.538461538461542,0.0,0.0
2022-10-01,2022Q4,Ottawa–Gatineau (Ontario),1 bedroom,asking,1760.0,1,No caution flag,0,1740.0,1570.0,1.1494252873563315,12.101910828025474,0.0,0.0
2023-01-01,2023Q1,Ottawa–Gatineau (Ontario),1 bedroom,asking,1770.0,1,No caution flag,0,1760.0,1610.0,0.5681818181818121,9.937888198757761,0.0,0.0
2023-04-01,2023Q2,Ottawa–Gatineau (Ontario),1 bedroom,asking,1810.0,1,No caution flag,0,1770.0,1640.0,2.259887005649719,10.365853658536594,0.0,0.0
2023-07-01,2023Q3,Ottawa–Gatineau (Ontario),1 bedroom,asking,1800.0,1,No caution flag,0,1810.0,1740.0,-0.5524861878453025,3.4482758620689724,0.0,0.0
2023-10-01,2023Q4,Ottawa–Gatineau (Ontario),1 bedroom,asking,1870.0,1,No caution flag,0,1800.0,1760.0,3.8888888888888973,6.25,0.0,0.0
2024-01-01,2024Q1,Ottawa–Gatineau (Ontario),1 bedroom,asking,1890.0,1,No caution flag,0,1870.0,1770.0,1.0695187165775444,6.779661016949157,0.0,0.0
2024-04-01,2024Q2,Ottawa–Gatineau (Ontario),1 bedroom,asking,1960.0,1,No caution flag,0,1890.0,1810.0,3.703703703703698,8.287292817679548,0.0,0.0
2024-07-01,2024Q3,Ottawa–Gatineau (Ontario),1 bedroom,asking,1960.0,1,No caution flag,0,1960.0,1800.0,0.0,8.888888888888879,0.0,0.0
2024-10-01,2024Q4,Ottawa–Gatineau (Ontario),1 bedroom,asking,1970.0,1,No caution flag,0,1960.0,1870.0,0.5102040816326481,5.3475935828877,0.0,0.0
2025-01-01,2025Q1,Ottawa–Gatineau (Ontario),1 bedroom,asking,2010.0,1,No caution flag,0,1970.0,1890.0,2.0304568527918843,6.349206349206349,0.0,0.0
2025-04-01,2025Q2,Ottawa–Gatineau (Ontario),1 bedroom,asking,1950.0,1,Use with caution,1,2010.0,1960.0,-2.985074626865669,-0.5102040816326481,1.0,1.0
2025-07-01,2025Q3,Ottawa–Gatineau (Ontario),1 bedroom,asking,1920.0,1,No caution flag,0,1950.0,1960.0,-1.538461538461533,-2.0408163265306145,1.0,0.0
2025-10-01,2025Q4,Ottawa–Gatineau (Ontario),1 bedroom,asking,1900.0,1,No caution flag,0,1920.0,1970.0,-1.041666666666663,-3.5532994923857864,0.0,0.0
2026-01-01,2026Q1,Ottawa–Gatineau (Ontario),1 bedroom,asking,1890.0,1,No caution flag,0,1900.0,2010.0,-0.5263157894736858,-5.970149253731338,0.0,0.0
2026-04-01,2026Q2,Ottawa–Gatineau (Ontario),1 bedroom,asking,1900.0,1,No caution flag,0,1890.0,1950.0,0.5291005291005346,-2.564102564102566,0.0,1.0
2019-01-01,2019Q1,Ottawa–Gatineau (Ontario),1 bedroom,paid,1050.0,1,No caution flag,0,,,,,,
2019-04-01,2019Q2,Ottawa–Gatineau (Ontario),1 bedroom,paid,1070.0,1,No caution flag,0,1050.0,,1.904761904761898,,0.0,
2019-07-01,2019Q3,Ottawa–Gatineau (Ontario),1 bedroom,paid,1110.0,1,No caution flag,0,1070.0,,3.738317757009346,,0.0,
2019-10-01,2019Q4,Ottawa–Gatineau (Ontario),1 bedroom,paid,1140.0,1,Use with caution,1,1110.0,,2.7027027027026973,,1.0,
2020-01-01,2020Q1,Ottawa–Gatineau (Ontario),1 bedroom,paid,1150.0,1,Use with caution,1,1140.0,1050.0,0.8771929824561431,9.523809523809534,1.0,1.0
2020-04-01,2020Q2,Ottawa–Gatineau (Ontario),1 bedroom,paid,1140.0,1,No caution flag,0,1150.0,1070.0,-0.8695652173912993,6.542056074766345,1.0,0.0
2020-07-01,2020Q3,Ottawa–Gatineau (Ontario),1 bedroom,paid,1150.0,1,No caution flag,0,1140.0,1110.0,0.8771929824561431,3.603603603603611,0.0,0.0
2020-10-01,2020Q4,Ottawa–Gatineau (Ontario),1 bedroom,paid,1150.0,1,Use with caution,1,1150.0,1140.0,0.0,0.8771929824561431,1.0,1.0
2021-01-01,2021Q1,Ottawa–Gatineau (Ontario),1 bedroom,paid,1160.0,1,Use with caution,1,1150.0,1150.0,0.8695652173912993,0.8695652173912993,1.0,1.0
2021-04-01,2021Q2,Ottawa–Gatineau (Ontario),1 bedroom,paid,1140.0,1,No caution flag,0,1160.0,1140.0,-1.7241379310344862,0.0,1.0,0.0
2021-07-01,2021Q3,Ottawa–Gatineau (Ontario),1 bedroom,paid,1150.0,1,No caution flag,0,1140.0,1150.0,0.8771929824561431,0.0,0.0,0.0
2021-10-01,2021Q4,Ottawa–Gatineau (Ontario),1 bedroom,paid,1160.0,1,No caution flag,0,1150.0,1150.0,0.8695652173912993,0.8695652173912993,0.0,1.0
2022-01-01,2022Q1,Ottawa–Gatineau (Ontario),1 bedroom,paid,1180.0,1,No caution flag,0,1160.0,1160.0,1.724137931034475,1.724137931034475,0.0,1.0
2022-04-01,2022Q2,Ottawa–Gatineau (Ontario),1 bedroom,paid,1190.0,1,No caution flag,0,1180.0,1140.0,0.8474576271186418,4.385964912280693,0.0,0.0
2022-07-01,2022Q3,Ottawa–Gatineau (Ontario),1 bedroom,paid,1190.0,1,Use with caution,1,1190.0,1150.0,0.0,3.4782608695652195,1.0,1.0
2022-10-01,2022Q4,Ottawa–Gatineau (Ontario),1 bedroom,paid,1220.0,1,No caution flag,0,1190.0,1160.0,2.5210084033613356,5.1724137931034475,1.0,0.0
2023-01-01,2023Q1,Ottawa–Gatineau (Ontario),1 bedroom,paid,1260.0,1,No caution flag,0,1220.0,1180.0,3.2786885245901676,6.779661016949157,0.0,0.0
2023-04-01,2023Q2,Ottawa–Gatineau (Ontario),1 bedroom,paid,1300.0,1,No caution flag,0,1260.0,1190.0,3.1746031746031855,9.243697478991585,0.0,0.0
2023-07-01,2023Q3,Ottawa–Gatineau (Ontario),1 bedroom,paid,1300.0,1,No caution flag,0,1300.0,1190.0,0.0,9.243697478991585,0.0,1.0
2023-10-01,2023Q4,Ottawa–Gatineau (Ontario),1 bedroom,paid,1310.0,1,No caution flag,0,1300.0,1220.0,0.7692307692307665,7.377049180327866,0.0,0.0
2024-01-01,2024Q1,Ottawa–Gatineau (Ontario),1 bedroom,paid,1320.0,1,Use with caution,1,1310.0,1260.0,0.7633587786259444,4.761904761904767,1.0,1.0
2024-04-01,2024Q2,Ottawa–Gatineau (Ontario),1 bedroom,paid,1360.0,1,No caution flag,0,1320.0,1300.0,3.0303030303030276,4.615384615384621,1.0,0.0
2024-07-01,2024Q3,Ottawa–Gatineau (Ontario),1 bedroom,paid,1420.0,1,No caution flag,0,1360.0,1300.0,4.4117647058823595,9.23076923076922,0.0,0.0
2024-10-01,2024Q4,Ottawa–Gatineau (Ontario),1 bedroom,paid,1460.0,1,No caution flag,0,1420.0,1310.0,2.8169014084507005,11.45038167938932,0.0,0.0
2025-01-01,2025Q1,Ottawa–Gatineau (Ontario),1 bedroom,paid,1480.0,1,No caution flag,0,1460.0,1320.0,1.3698630136986356,12.12121212121211,0.0,1.0
2025-04-01,2025Q2,Ottawa–Gatineau (Ontario),1 bedroom,paid,1510.0,1,No caution flag,0,1480.0,1360.0,2.0270270270270174,11.029411764705888,0.0,0.0
2025-07-01,2025Q3,Ottawa–Gatineau (Ontario),1 bedroom,paid,1530.0,1,No caution flag,0,1510.0,1420.0,1.324503311258285,7.746478873239426,0.0,0.0
2025-10-01,2025Q4,Ottawa–Gatineau (Ontario),1 bedroom,paid,1570.0,1,No caution flag,0,1530.0,1460.0,2.614379084967311,7.534246575342474,0.0,0.0
2026-01-01,2026Q1,Ottawa–Gatineau (Ontario),1 bedroom,paid,1630.0,1,No caution flag,0,1570.0,1480.0,3.821656050955413,10.135135135135132,0.0,0.0
2026-04-01,2026Q2,Ottawa–Gatineau (Ontario),1 bedroom,paid,1690.0,1,No caution flag,0,1630.0,1510.0,3.6809815950920255,11.920529801324498,0.0,0.0
2019-01-01,2019Q1,Ottawa–Gatineau (Ontario),2 bedrooms,asking,1710.0,1,No caution flag,0,,,,,,
2019-04-01,2019Q2,Ottawa–Gatineau (Ontario),2 bedrooms,asking,1750.0,1,No caution flag,0,1710.0,,2.3391812865497075,,0.0,
2019-07-01,2019Q3,Ottawa–Gatineau (Ontario),2 bedrooms,asking,1800.0,1,No caution flag,0,1750.0,,2.857142857142847,,0.0,
2019-10-01,2019Q4,Ottawa–Gatineau (Ontario),2 bedrooms,asking,1790.0,1,No caution flag,0,1800.0,,-0.5555555555555536,,0.0,
2020-01-01,2020Q1,Ottawa–Gatineau (Ontario),2 bedrooms,asking,1850.0,1,No caution flag,0,1790.0,1710.0,3.3519553072625774,8.187134502923987,0.0,0.0
2020-04-01,2020Q2,Ottawa–Gatineau (Ontario),2 bedrooms,asking,1840.0,1,No caution flag,0,1850.0,1750.0,-0.540540540540535,5.142857142857138,0.0,0.0
2020-07-01,2020Q3,Ottawa–Gatineau (Ontario),2 bedrooms,asking,1830.0,1,No caution flag,0,1840.0,1800.0,-0.5434782608695676,1.6666666666666607,0.0,0.0
2020-10-01,2020Q4,Ottawa–Gatineau (Ontario),2 bedrooms,asking,1780.0,1,No caution flag,0,1830.0,1790.0,-2.732240437158473,-0.5586592178770999,0.0,0.0
2021-01-01,2021Q1,Ottawa–Gatineau (Ontario),2 bedrooms,asking,1770.0,1,No caution flag,0,1780.0,1850.0,-0.5617977528089901,-4.324324324324325,0.0,0.0
2021-04-01,2021Q2,Ottawa–Gatineau (Ontario),2 bedrooms,asking,1860.0,1,No caution flag,0,1770.0,1840.0,5.084745762711873,1.0869565217391353,0.0,0.0
2021-07-01,2021Q3,Ottawa–Gatineau (Ontario),2 bedrooms,asking,1900.0,1,No caution flag,0,1860.0,1830.0,2.1505376344086002,3.825136612021862,0.0,0.0
2021-10-01,2021Q4,Ottawa–Gatineau (Ontario),2 bedrooms,asking,1900.0,1,No caution flag,0,1900.0,1780.0,0.0,6.741573033707859,0.0,0.0
2022-01-01,2022Q1,Ottawa–Gatineau (Ontario),2 bedrooms,asking,1950.0,1,No caution flag,0,1900.0,1770.0,2.6315789473684292,10.169491525423723,0.0,0.0
2022-04-01,2022Q2,Ottawa–Gatineau (Ontario),2 bedrooms,asking,2010.0,1,No caution flag,0,1950.0,1860.0,3.076923076923066,8.064516129032251,0.0,0.0
2022-07-01,2022Q3,Ottawa–Gatineau (Ontario),2 bedrooms,asking,2080.0,1,No caution flag,0,2010.0,1900.0,3.482587064676612,9.473684210526322,0.0,0.0
2022-10-01,2022Q4,Ottawa–Gatineau (Ontario),2 bedrooms,asking,2110.0,1,No caution flag,0,2080.0,1900.0,1.4423076923076872,11.05263157894736,0.0,0.0
2023-01-01,2023Q1,Ottawa–Gatineau (Ontario),2 bedrooms,asking,2110.0,1,No caution flag,0,2110.0,1950.0,0.0,8.205128205128197,0.0,0.0
2023-04-01,2023Q2,Ottawa–Gatineau (Ontario),2 bedrooms,asking,2200.0,1,No caution flag,0,2110.0,2010.0,4.2654028436019065,9.45273631840795,0.0,0.0
2023-07-01,2023Q3,Ottawa–Gatineau (Ontario),2 bedrooms,asking,2200.0,1,No caution flag,0,2200.0,2080.0,0.0,5.769230769230771,0.0,0.0
2023-10-01,2023Q4,Ottawa–Gatineau (Ontario),2 bedrooms,asking,2260.0,1,No caution flag,0,2200.0,2110.0,2.7272727272727337,7.109004739336489,0.0,0.0
2024-01-01,2024Q1,Ottawa–Gatineau (Ontario),2 bedrooms,asking,2290.0,1,No caution flag,0,2260.0,2110.0,1.327433628318575,8.530805687203792,0.0,0.0
2024-04-01,2024Q2,Ottawa–Gatineau (Ontario),2 bedrooms,asking,2400.0,1,No caution flag,0,2290.0,2200.0,4.8034934497816595,9.090909090909083,0.0,0.0
2024-07-01,2024Q3,Ottawa–Gatineau (Ontario),2 bedrooms,asking,2440.0,1,No caution flag,0,2400.0,2200.0,1.6666666666666607,10.909090909090914,0.0,0.0
2024-10-01,2024Q4,Ottawa–Gatineau (Ontario),2 bedrooms,asking,2470.0,1,No caution flag,0,2440.0,2260.0,1.2295081967213184,9.292035398230091,0.0,0.0
2025-01-01,2025Q1,Ottawa–Gatineau (Ontario),2 bedrooms,asking,2490.0,1,No caution flag,0,2470.0,2290.0,0.809716599190291,8.733624454148469,0.0,0.0
2025-04-01,2025Q2,Ottawa–Gatineau (Ontario),2 bedrooms,asking,2430.0,1,Use with caution,1,2490.0,2400.0,-2.409638554216864,1.2499999999999956,1.0,1.0
2025-07-01,2025Q3,Ottawa–Gatineau (Ontario),2 bedrooms,asking,2400.0,1,No caution flag,0,2430.0,2440.0,-1.2345679012345734,-1.6393442622950838,1.0,0.0
2025-10-01,2025Q4,Ottawa–Gatineau (Ontario),2 bedrooms,asking,2390.0,1,No caution flag,0,2400.0,2470.0,-0.4166666666666652,-3.238866396761131,0.0,0.0
2026-01-01,2026Q1,Ottawa–Gatineau (Ontario),2 bedrooms,asking,2350.0,1,No caution flag,0,2390.0,2490.0,-1.673640167364021,-5.622489959839361,0.0,0.0
2026-04-01,2026Q2,Ottawa–Gatineau (Ontario),2 bedrooms,asking,2360.0,1,No caution flag,0,2350.0,2430.0,0.42553191489360653,-2.8806584362139898,0.0,1.0
2019-01-01,2019Q1,Ottawa–Gatineau (Ontario),3+ bedrooms,asking,2210.0,1,No caution flag,0,,,,,,
2019-04-01,2019Q2,Ottawa–Gatineau (Ontario),3+ bedrooms,asking,2150.0,1,No caution flag,0,2210.0,,-2.714932126696834,,0.0,
2019-07-01,2019Q3,Ottawa–Gatineau (Ontario),3+ bedrooms,asking,2170.0,1,No caution flag,0,2150.0,,0.9302325581395321,,0.0,
2019-10-01,2019Q4,Ottawa–Gatineau (Ontario),3+ bedrooms,asking,2220.0,1,No caution flag,0,2170.0,,2.304147465437789,,0.0,
2020-01-01,2020Q1,Ottawa–Gatineau (Ontario),3+ bedrooms,asking,2360.0,1,Use with caution,1,2220.0,2210.0,6.3063063063063085,6.7873303167420795,1.0,1.0
2020-04-01,2020Q2,Ottawa–Gatineau (Ontario),3+ bedrooms,asking,2180.0,1,No caution flag,0,2360.0,2150.0,-7.6271186440677985,1.3953488372093092,1.0,0.0
2020-07-01,2020Q3,Ottawa–Gatineau (Ontario),3+ bedrooms,asking,2230.0,1,No caution flag,0,2180.0,2170.0,2.2935779816513735,2.764976958525356,0.0,0.0
2020-10-01,2020Q4,Ottawa–Gatineau (Ontario),3+ bedrooms,asking,2200.0,1,No caution flag,0,2230.0,2220.0,-1.3452914798206317,-0.9009009009009028,0.0,0.0
2021-01-01,2021Q1,Ottawa–Gatineau (Ontario),3+ bedrooms,asking,2290.0,1,No caution flag,0,2200.0,2360.0,4.090909090909101,-2.9661016949152574,0.0,1.0
2021-04-01,2021Q2,Ottawa–Gatineau (Ontario),3+ bedrooms,asking,2220.0,1,No caution flag,0,2290.0,2180.0,-3.056768558951961,1.83486238532109,0.0,0.0
2021-07-01,2021Q3,Ottawa–Gatineau (Ontario),3+ bedrooms,asking,2220.0,1,No caution flag,0,2220.0,2230.0,0.0,-0.4484304932735439,0.0,0.0
2021-10-01,2021Q4,Ottawa–Gatineau (Ontario),3+ bedrooms,asking,2110.0,1,No caution flag,0,2220.0,2200.0,-4.95495495495496,-4.09090909090909,0.0,0.0
2022-01-01,2022Q1,Ottawa–Gatineau (Ontario),3+ bedrooms,asking,2260.0,1,No caution flag,0,2110.0,2290.0,7.109004739336489,-1.3100436681222738,0.0,0.0
2022-04-01,2022Q2,Ottawa–Gatineau (Ontario),3+ bedrooms,asking,2390.0,1,No caution flag,0,2260.0,2220.0,5.752212389380529,7.657657657657668,0.0,0.0
2022-07-01,2022Q3,Ottawa–Gatineau (Ontario),3+ bedrooms,asking,2400.0,1,No caution flag,0,2390.0,2220.0,0.4184100418409997,8.108108108108114,0.0,0.0
2022-10-01,2022Q4,Ottawa–Gatineau (Ontario),3+ bedrooms,asking,2330.0,1,No caution flag,0,2400.0,2110.0,-2.9166666666666674,10.426540284360186,0.0,0.0
2023-01-01,2023Q1,Ottawa–Gatineau (Ontario),3+ bedrooms,asking,2490.0,1,No caution flag,0,2330.0,2260.0,6.866952789699576,10.176991150442483,0.0,0.0
2023-04-01,2023Q2,Ottawa–Gatineau (Ontario),3+ bedrooms,asking,2530.0,1,No caution flag,0,2490.0,2390.0,1.6064257028112428,5.857740585774063,0.0,0.0
2023-07-01,2023Q3,Ottawa–Gatineau (Ontario),3+ bedrooms,asking,2600.0,1,No caution flag,0,2530.0,2400.0,2.7667984189723382,8.333333333333325,0.0,0.0
2023-10-01,2023Q4,Ottawa–Gatineau (Ontario),3+ bedrooms,asking,2620.0,1,No caution flag,0,2600.0,2330.0,0.7692307692307665,12.44635193133048,0.0,0.0
2024-01-01,2024Q1,Ottawa–Gatineau (Ontario),3+ bedrooms,asking,2800.0,1,No caution flag,0,2620.0,2490.0,6.870229007633588,12.449799196787147,0.0,0.0
2024-04-01,2024Q2,Ottawa–Gatineau (Ontario),3+ bedrooms,asking,2810.0,1,No caution flag,0,2800.0,2530.0,0.3571428571428559,11.067193675889332,0.0,0.0
2024-07-01,2024Q3,Ottawa–Gatineau (Ontario),3+ bedrooms,asking,2840.0,1,No caution flag,0,2810.0,2600.0,1.067615658362997,9.23076923076922,0.0,0.0
2024-10-01,2024Q4,Ottawa–Gatineau (Ontario),3+ bedrooms,asking,2830.0,1,No caution flag,0,2840.0,2620.0,-0.35211267605633756,8.015267175572527,0.0,0.0
2025-01-01,2025Q1,Ottawa–Gatineau (Ontario),3+ bedrooms,asking,2920.0,1,No caution flag,0,2830.0,2800.0,3.180212014134276,4.285714285714293,0.0,0.0
2025-04-01,2025Q2,Ottawa–Gatineau (Ontario),3+ bedrooms,asking,2870.0,1,Use with caution,1,2920.0,2810.0,-1.7123287671232834,2.1352313167259718,1.0,1.0
2025-07-01,2025Q3,Ottawa–Gatineau (Ontario),3+ bedrooms,asking,2820.0,1,No caution flag,0,2870.0,2840.0,-1.7421602787456414,-0.7042253521126751,1.0,0.0
2025-10-01,2025Q4,Ottawa–Gatineau (Ontario),3+ bedrooms,asking,2750.0,1,No caution flag,0,2820.0,2830.0,-2.4822695035460973,-2.8268551236749095,0.0,0.0
2026-01-01,2026Q1,Ottawa–Gatineau (Ontario),3+ bedrooms,asking,2850.0,1,No caution flag,0,2750.0,2920.0,3.6363636363636376,-2.397260273972601,0.0,0.0
2026-04-01,2026Q2,Ottawa–Gatineau (Ontario),3+ bedrooms,asking,2740.0,1,No caution flag,0,2850.0,2870.0,-3.8596491228070184,-4.529616724738672,0.0,1.0
2019-01-01,2019Q1,Ottawa–Gatineau (Ontario),Studio,asking,1140.0,1,No caution flag,0,,,,,,
2019-04-01,2019Q2,Ottawa–Gatineau (Ontario),Studio,asking,1150.0,1,No caution flag,0,1140.0,,0.8771929824561431,,0.0,
2019-07-01,2019Q3,Ottawa–Gatineau (Ontario),Studio,asking,1200.0,1,No caution flag,0,1150.0,,4.347826086956519,,0.0,
2019-10-01,2019Q4,Ottawa–Gatineau (Ontario),Studio,asking,1180.0,1,No caution flag,0,1200.0,,-1.6666666666666718,,0.0,
2020-01-01,2020Q1,Ottawa–Gatineau (Ontario),Studio,asking,1210.0,1,No caution flag,0,1180.0,1140.0,2.5423728813559254,6.140350877192979,0.0,0.0
2020-04-01,2020Q2,Ottawa–Gatineau (Ontario),Studio,asking,1210.0,1,No caution flag,0,1210.0,1150.0,0.0,5.217391304347818,0.0,0.0
2020-07-01,2020Q3,Ottawa–Gatineau (Ontario),Studio,asking,1190.0,1,No caution flag,0,1210.0,1200.0,-1.6528925619834656,-0.8333333333333304,0.0,0.0
2020-10-01,2020Q4,Ottawa–Gatineau (Ontario),Studio,asking,1190.0,1,No caution flag,0,1190.0,1180.0,0.0,0.8474576271186418,0.0,0.0
2021-01-01,2021Q1,Ottawa–Gatineau (Ontario),Studio,asking,1200.0,1,No caution flag,0,1190.0,1210.0,0.8403361344537785,-0.8264462809917328,0.0,0.0
2021-04-01,2021Q2,Ottawa–Gatineau (Ontario),Studio,asking,1200.0,1,No caution flag,0,1200.0,1210.0,0.0,-0.8264462809917328,0.0,0.0
2021-07-01,2021Q3,Ottawa–Gatineau (Ontario),Studio,asking,1230.0,1,No caution flag,0,1200.0,1190.0,2.499999999999991,3.3613445378151363,0.0,0.0
2021-10-01,2021Q4,Ottawa–Gatineau (Ontario),Studio,asking,1240.0,1,No caution flag,0,1230.0,1190.0,0.8130081300812941,4.201680672268915,0.0,0.0
2022-01-01,2022Q1,Ottawa–Gatineau (Ontario),Studio,asking,1270.0,1,No caution flag,0,1240.0,1200.0,2.4193548387096753,5.833333333333335,0.0,0.0
2022-04-01,2022Q2,Ottawa–Gatineau (Ontario),Studio,asking,1300.0,1,No caution flag,0,1270.0,1200.0,2.3622047244094446,8.333333333333325,0.0,0.0
2022-07-01,2022Q3,Ottawa–Gatineau (Ontario),Studio,asking,1380.0,1,No caution flag,0,1300.0,1230.0,6.153846153846154,12.195121951219523,0.0,0.0
2022-10-01,2022Q4,Ottawa–Gatineau (Ontario),Studio,asking,1420.0,1,No caution flag,0,1380.0,1240.0,2.898550724637672,14.516129032258075,0.0,0.0
2023-01-01,2023Q1,Ottawa–Gatineau (Ontario),Studio,asking,1480.0,1,No caution flag,0,1420.0,1270.0,4.225352112676051,16.535433070866134,0.0,0.0
2023-04-01,2023Q2,Ottawa–Gatineau (Ontario),Studio,asking,1480.0,1,No caution flag,0,1480.0,1300.0,0.0,13.846153846153841,0.0,0.0
2023-07-01,2023Q3,Ottawa–Gatineau (Ontario),Studio,asking,1440.0,1,No caution flag,0,1480.0,1380.0,-2.7027027027026973,4.347826086956519,0.0,0.0
2023-10-01,2023Q4,Ottawa–Gatineau (Ontario),Studio,asking,1510.0,1,No caution flag,0,1440.0,1420.0,4.861111111111116,6.338028169014076,0.0,0.0
2024-01-01,2024Q1,Ottawa–Gatineau (Ontario),Studio,asking,1510.0,1,No caution flag,0,1510.0,1480.0,0.0,2.0270270270270174,0.0,0.0
2024-04-01,2024Q2,Ottawa–Gatineau (Ontario),Studio,asking,1580.0,1,No caution flag,0,1510.0,1480.0,4.635761589403975,6.756756756756754,0.0,0.0
2024-07-01,2024Q3,Ottawa–Gatineau (Ontario),Studio,asking,1650.0,1,No caution flag,0,1580.0,1440.0,4.430379746835444,14.583333333333325,0.0,0.0
2024-10-01,2024Q4,Ottawa–Gatineau (Ontario),Studio,asking,1610.0,1,No caution flag,0,1650.0,1510.0,-2.4242424242424288,6.62251655629138,0.0,0.0
2025-01-01,2025Q1,Ottawa–Gatineau (Ontario),Studio,asking,1640.0,1,No caution flag,0,1610.0,1510.0,1.8633540372670732,8.609271523178808,0.0,0.0
2025-04-01,2025Q2,Ottawa–Gatineau (Ontario),Studio,asking,1610.0,1,Use with caution,1,1640.0,1580.0,-1.8292682926829285,1.8987341772152,1.0,1.0
2025-07-01,2025Q3,Ottawa–Gatineau (Ontario),Studio,asking,1570.0,1,No caution flag,0,1610.0,1650.0,-2.4844720496894457,-4.848484848484846,1.0,0.0
2025-10-01,2025Q4,Ottawa–Gatineau (Ontario),Studio,asking,1530.0,1,No caution flag,0,1570.0,1610.0,-2.547770700636942,-4.968944099378881,0.0,0.0
2026-01-01,2026Q1,Ottawa–Gatineau (Ontario),Studio,asking,1540.0,1,No caution flag,0,1530.0,1640.0,0.6535947712418277,-6.0975609756097615,0.0,0.0
2026-04-01,2026Q2,Ottawa–Gatineau (Ontario),Studio,asking,1550.0,1,No caution flag,0,1540.0,1610.0,0.6493506493506551,-3.7267080745341574,0.0,1.0
2019-01-01,2019Q1,Ottawa–Gatineau (Quebec),1 bedroom,asking,830.0,1,No caution flag,0,,,,,,
2019-04-01,2019Q2,Ottawa–Gatineau (Quebec),1 bedroom,asking,860.0,1,No caution flag,0,830.0,,3.6144578313253017,,0.0,
2019-07-01,2019Q3,Ottawa–Gatineau (Quebec),1 bedroom,asking,900.0,1,No caution flag,0,860.0,,4.651162790697683,,0.0,
2019-10-01,2019Q4,Ottawa–Gatineau (Quebec),1 bedroom,asking,920.0,1,No caution flag,0,900.0,,2.2222222222222143,,0.0,
2020-01-01,2020Q1,Ottawa–Gatineau (Quebec),1 bedroom,asking,970.0,1,No caution flag,0,920.0,830.0,5.434782608695654,16.867469879518083,0.0,0.0
2020-04-01,2020Q2,Ottawa–Gatineau (Quebec),1 bedroom,asking,990.0,1,No caution flag,0,970.0,860.0,2.0618556701030855,15.116279069767447,0.0,0.0
2020-07-01,2020Q3,Ottawa–Gatineau (Quebec),1 bedroom,asking,1050.0,1,No caution flag,0,990.0,900.0,6.060606060606055,16.666666666666675,0.0,0.0
2020-10-01,2020Q4,Ottawa–Gatineau (Quebec),1 bedroom,asking,1010.0,1,No caution flag,0,1050.0,920.0,-3.809523809523807,9.782608695652172,0.0,0.0
2021-01-01,2021Q1,Ottawa–Gatineau (Quebec),1 bedroom,asking,1020.0,1,No caution flag,0,1010.0,970.0,0.990099009900991,5.154639175257736,0.0,0.0
2021-04-01,2021Q2,Ottawa–Gatineau (Quebec),1 bedroom,asking,1060.0,1,No caution flag,0,1020.0,990.0,3.9215686274509887,7.070707070707072,0.0,0.0
2021-07-01,2021Q3,Ottawa–Gatineau (Quebec),1 bedroom,asking,1170.0,1,No caution flag,0,1060.0,1050.0,10.377358490566046,11.428571428571432,0.0,0.0
2021-10-01,2021Q4,Ottawa–Gatineau (Quebec),1 bedroom,asking,1210.0,1,No caution flag,0,1170.0,1010.0,3.418803418803429,19.8019801980198,0.0,0.0
2022-01-01,2022Q1,Ottawa–Gatineau (Quebec),1 bedroom,asking,1220.0,1,No caution flag,0,1210.0,1020.0,0.8264462809917328,19.6078431372549,0.0,0.0
2022-04-01,2022Q2,Ottawa–Gatineau (Quebec),1 bedroom,asking,1200.0,1,No caution flag,0,1220.0,1060.0,-1.6393442622950838,13.207547169811317,0.0,0.0
2022-07-01,2022Q3,Ottawa–Gatineau (Quebec),1 bedroom,asking,1360.0,1,No caution flag,0,1200.0,1170.0,13.33333333333333,16.23931623931625,0.0,0.0
2022-10-01,2022Q4,Ottawa–Gatineau (Quebec),1 bedroom,asking,1370.0,1,No caution flag,0,1360.0,1210.0,0.7352941176470562,13.223140495867769,0.0,0.0
2023-01-01,2023Q1,Ottawa–Gatineau (Quebec),1 bedroom,asking,1390.0,1,No caution flag,0,1370.0,1220.0,1.4598540145985384,13.934426229508201,0.0,0.0
2023-04-01,2023Q2,Ottawa–Gatineau (Quebec),1 bedroom,asking,1370.0,1,No caution flag,0,1390.0,1200.0,-1.4388489208633115,14.16666666666666,0.0,0.0
2023-07-01,2023Q3,Ottawa–Gatineau (Quebec),1 bedroom,asking,1430.0,1,No caution flag,0,1370.0,1360.0,4.379562043795615,5.147058823529416,0.0,0.0
2023-10-01,2023Q4,Ottawa–Gatineau (Quebec),1 bedroom,asking,1490.0,1,No caution flag,0,1430.0,1370.0,4.195804195804187,8.75912408759123,0.0,0.0
2024-01-01,2024Q1,Ottawa–Gatineau (Quebec),1 bedroom,asking,1530.0,1,No caution flag,0,1490.0,1390.0,2.684563758389258,10.07194244604317,0.0,0.0
2024-04-01,2024Q2,Ottawa–Gatineau (Quebec),1 bedroom,asking,1510.0,1,No caution flag,0,1530.0,1370.0,-1.3071895424836555,10.21897810218979,0.0,0.0
2024-07-01,2024Q3,Ottawa–Gatineau (Quebec),1 bedroom,asking,1520.0,1,No caution flag,0,1510.0,1430.0,0.6622516556291425,6.2937062937062915,0.0,0.0
2024-10-01,2024Q4,Ottawa–Gatineau (Quebec),1 bedroom,asking,1580.0,1,No caution flag,0,1520.0,1490.0,3.9473684210526327,6.040268456375841,0.0,0.0
2025-01-01,2025Q1,Ottawa–Gatineau (Quebec),1 bedroom,asking,1520.0,1,No caution flag,0,1580.0,1530.0,-3.797468354430378,-0.6535947712418277,0.0,0.0
2025-04-01,2025Q2,Ottawa–Gatineau (Quebec),1 bedroom,asking,1490.0,1,Use with caution,1,1520.0,1510.0,-1.9736842105263164,-1.3245033112582738,1.0,1.0
2025-07-01,2025Q3,Ottawa–Gatineau (Quebec),1 bedroom,asking,1460.0,1,No caution flag,0,1490.0,1520.0,-2.0134228187919434,-3.9473684210526327,1.0,0.0
2025-10-01,2025Q4,Ottawa–Gatineau (Quebec),1 bedroom,asking,1450.0,1,No caution flag,0,1460.0,1580.0,-0.6849315068493178,-8.227848101265822,0.0,0.0
2026-01-01,2026Q1,Ottawa–Gatineau (Quebec),1 bedroom,asking,1420.0,1,No caution flag,0,1450.0,1520.0,-2.0689655172413834,-6.578947368421051,0.0,0.0
2026-04-01,2026Q2,Ottawa–Gatineau (Quebec),1 bedroom,asking,1440.0,1,No caution flag,0,1420.0,1490.0,1.4084507042253502,-3.3557046979865723,0.0,1.0
2019-01-01,2019Q1,Ottawa–Gatineau (Quebec),2 bedrooms,asking,980.0,1,No caution flag,0,,,,,,
2019-04-01,2019Q2,Ottawa–Gatineau (Quebec),2 bedrooms,asking,990.0,1,No caution flag,0,980.0,,1.0204081632652962,,0.0,
2019-07-01,2019Q3,Ottawa–Gatineau (Quebec),2 bedrooms,asking,1060.0,1,No caution flag,0,990.0,,7.070707070707072,,0.0,
2019-10-01,2019Q4,Ottawa–Gatineau (Quebec),2 bedrooms,asking,1150.0,1,No caution flag,0,1060.0,,8.490566037735858,,0.0,
2020-01-01,2020Q1,Ottawa–Gatineau (Quebec),2 bedrooms,asking,1120.0,1,No caution flag,0,1150.0,980.0,-2.608695652173909,14.28571428571428,0.0,0.0
2020-04-01,2020Q2,Ottawa–Gatineau (Quebec),2 bedrooms,asking,1140.0,1,No caution flag,0,1120.0,990.0,1.7857142857142794,15.15151515151516,0.0,0.0
2020-07-01,2020Q3,Ottawa–Gatineau (Quebec),2 bedrooms,asking,1180.0,1,No caution flag,0,1140.0,1060.0,3.5087719298245723,11.32075471698113,0.0,0.0
2020-10-01,2020Q4,Ottawa–Gatineau (Quebec),2 bedrooms,asking,1220.0,1,No caution flag,0,1180.0,1150.0,3.3898305084745672,6.08695652173914,0.0,0.0
2021-01-01,2021Q1,Ottawa–Gatineau (Quebec),2 bedrooms,asking,1230.0,1,No caution flag,0,1220.0,1120.0,0.8196721311475308,9.82142857142858,0.0,0.0
2021-04-01,2021Q2,Ottawa–Gatineau (Quebec),2 bedrooms,asking,1240.0,1,No caution flag,0,1230.0,1140.0,0.8130081300812941,8.771929824561408,0.0,0.0
2021-07-01,2021Q3,Ottawa–Gatineau (Quebec),2 bedrooms,asking,1290.0,1,No caution flag,0,1240.0,1180.0,4.0322580645161255,9.322033898305083,0.0,0.0
2021-10-01,2021Q4,Ottawa–Gatineau (Quebec),2 bedrooms,asking,1360.0,1,No caution flag,0,1290.0,1220.0,5.4263565891472965,11.475409836065564,0.0,0.0
2022-01-01,2022Q1,Ottawa–Gatineau (Quebec),2 bedrooms,asking,1410.0,1,No caution flag,0,1360.0,1230.0,3.6764705882353033,14.634146341463406,0.0,0.0
2022-04-01,2022Q2,Ottawa–Gatineau (Quebec),2 bedrooms,asking,1430.0,1,No caution flag,0,1410.0,1240.0,1.4184397163120588,15.322580645161299,0.0,0.0
2022-07-01,2022Q3,Ottawa–Gatineau (Quebec),2 bedrooms,asking,1520.0,1,No caution flag,0,1430.0,1290.0,6.2937062937062915,17.829457364341096,0.0,0.0
2022-10-01,2022Q4,Ottawa–Gatineau (Quebec),2 bedrooms,asking,1540.0,1,No caution flag,0,1520.0,1360.0,1.3157894736842035,13.235294117647056,0.0,0.0
2023-01-01,2023Q1,Ottawa–Gatineau (Quebec),2 bedrooms,asking,1610.0,1,No caution flag,0,1540.0,1410.0,4.545454545454541,14.184397163120565,0.0,0.0
2023-04-01,2023Q2,Ottawa–Gatineau (Quebec),2 bedrooms,asking,1590.0,1,No caution flag,0,1610.0,1430.0,-1.2422360248447228,11.188811188811187,0.0,0.0
2023-07-01,2023Q3,Ottawa–Gatineau (Quebec),2 bedrooms,asking,1620.0,1,No caution flag,0,1590.0,1520.0,1.8867924528301883,6.578947368421062,0.0,0.0
2023-10-01,2023Q4,Ottawa–Gatineau (Quebec),2 bedrooms,asking,1670.0,1,No caution flag,0,1620.0,1540.0,3.0864197530864113,8.441558441558449,0.0,0.0
2024-01-01,2024Q1,Ottawa–Gatineau (Quebec),2 bedrooms,asking,1750.0,1,No caution flag,0,1670.0,1610.0,4.79041916167664,8.695652173913038,0.0,0.0
2024-04-01,2024Q2,Ottawa–Gatineau (Quebec),2 bedrooms,asking,1760.0,1,No caution flag,0,1750.0,1590.0,0.5714285714285783,10.691823899371066,0.0,0.0
2024-07-01,2024Q3,Ottawa–Gatineau (Quebec),2 bedrooms,asking,1750.0,1,No caution flag,0,1760.0,1620.0,-0.5681818181818232,8.024691358024683,0.0,0.0
2024-10-01,2024Q4,Ottawa–Gatineau (Quebec),2 bedrooms,asking,1770.0,1,No caution flag,0,1750.0,1670.0,1.1428571428571344,5.988023952095811,0.0,0.0
2025-01-01,2025Q1,Ottawa–Gatineau (Quebec),2 bedrooms,asking,1680.0,1,Use with caution,1,1770.0,1750.0,-5.0847457627118615,-4.0000000000000036,1.0,1.0
2025-04-01,2025Q2,Ottawa–Gatineau (Quebec),2 bedrooms,asking,,0,Too unreliable to publish,0,1680.0,1760.0,,,,
2025-07-01,2025Q3,Ottawa–Gatineau (Quebec),2 bedrooms,asking,1730.0,1,No caution flag,0,,1750.0,,-1.1428571428571455,,0.0
2025-10-01,2025Q4,Ottawa–Gatineau (Quebec),2 bedrooms,asking,1660.0,1,No caution flag,0,1730.0,1770.0,-4.046242774566478,-6.214689265536721,0.0,0.0
2026-01-01,2026Q1,Ottawa–Gatineau (Quebec),2 bedrooms,asking,1660.0,1,No caution flag,0,1660.0,1680.0,0.0,-1.1904761904761862,0.0,1.0
2026-04-01,2026Q2,Ottawa–Gatineau (Quebec),2 bedrooms,asking,1700.0,1,No caution flag,0,1660.0,,2.4096385542168752,,0.0,
2019-01-01,2019Q1,Ottawa–Gatineau (Quebec),2 bedrooms,paid,840.0,1,No caution flag,0,,,,,,
2019-04-01,2019Q2,Ottawa–Gatineau (Quebec),2 bedrooms,paid,840.0,1,No caution flag,0,840.0,,0.0,,0.0,
2019-07-01,2019Q3,Ottawa–Gatineau (Quebec),2 bedrooms,paid,840.0,1,No caution flag,0,840.0,,0.0,,0.0,
2019-10-01,2019Q4,Ottawa–Gatineau (Quebec),2 bedrooms,paid,840.0,1,No caution flag,0,840.0,,0.0,,0.0,
2020-01-01,2020Q1,Ottawa–Gatineau (Quebec),2 bedrooms,paid,860.0,1,No caution flag,0,840.0,840.0,2.3809523809523725,2.3809523809523725,0.0,0.0
2020-04-01,2020Q2,Ottawa–Gatineau (Quebec),2 bedrooms,paid,880.0,1,No caution flag,0,860.0,840.0,2.3255813953488413,4.761904761904767,0.0,0.0
2020-07-01,2020Q3,Ottawa–Gatineau (Quebec),2 bedrooms,paid,890.0,1,No caution flag,0,880.0,840.0,1.1363636363636465,5.952380952380953,0.0,0.0
2020-10-01,2020Q4,Ottawa–Gatineau (Quebec),2 bedrooms,paid,900.0,1,No caution flag,0,890.0,840.0,1.1235955056179803,7.14285714285714,0.0,0.0
2021-01-01,2021Q1,Ottawa–Gatineau (Quebec),2 bedrooms,paid,910.0,1,No caution flag,0,900.0,860.0,1.1111111111111072,5.813953488372103,0.0,0.0
2021-04-01,2021Q2,Ottawa–Gatineau (Quebec),2 bedrooms,paid,910.0,1,No caution flag,0,910.0,880.0,0.0,3.409090909090917,0.0,0.0
2021-07-01,2021Q3,Ottawa–Gatineau (Quebec),2 bedrooms,paid,920.0,1,No caution flag,0,910.0,890.0,1.098901098901095,3.370786516853941,0.0,0.0
2021-10-01,2021Q4,Ottawa–Gatineau (Quebec),2 bedrooms,paid,930.0,1,No caution flag,0,920.0,900.0,1.0869565217391353,3.3333333333333437,0.0,0.0
2022-01-01,2022Q1,Ottawa–Gatineau (Quebec),2 bedrooms,paid,950.0,1,No caution flag,0,930.0,910.0,2.1505376344086002,4.395604395604402,0.0,0.0
2022-04-01,2022Q2,Ottawa–Gatineau (Quebec),2 bedrooms,paid,950.0,1,No caution flag,0,950.0,910.0,0.0,4.395604395604402,0.0,0.0
2022-07-01,2022Q3,Ottawa–Gatineau (Quebec),2 bedrooms,paid,950.0,1,No caution flag,0,950.0,920.0,0.0,3.2608695652173836,0.0,0.0
2022-10-01,2022Q4,Ottawa–Gatineau (Quebec),2 bedrooms,paid,960.0,1,Use with caution,1,950.0,930.0,1.0526315789473717,3.2258064516129004,1.0,1.0
2023-01-01,2023Q1,Ottawa–Gatineau (Quebec),2 bedrooms,paid,950.0,1,Use with caution,1,960.0,950.0,-1.041666666666663,0.0,1.0,1.0
2023-04-01,2023Q2,Ottawa–Gatineau (Quebec),2 bedrooms,paid,950.0,1,Use with caution,1,950.0,950.0,0.0,0.0,1.0,1.0
2023-07-01,2023Q3,Ottawa–Gatineau (Quebec),2 bedrooms,paid,970.0,1,Use with caution,1,950.0,950.0,2.1052631578947434,2.1052631578947434,1.0,1.0
2023-10-01,2023Q4,Ottawa–Gatineau (Quebec),2 bedrooms,paid,1020.0,1,Use with caution,1,970.0,960.0,5.154639175257736,6.25,1.0,1.0
2024-01-01,2024Q1,Ottawa–Gatineau (Quebec),2 bedrooms,paid,1070.0,1,Use with caution,1,1020.0,950.0,4.90196078431373,12.631578947368416,1.0,1.0
2024-04-01,2024Q2,Ottawa–Gatineau (Quebec),2 bedrooms,paid,1120.0,1,No caution flag,0,1070.0,950.0,4.672897196261672,17.894736842105253,1.0,1.0
2024-07-01,2024Q3,Ottawa–Gatineau (Quebec),2 bedrooms,paid,1160.0,1,No caution flag,0,1120.0,970.0,3.571428571428581,19.58762886597938,0.0,1.0
2024-10-01,2024Q4,Ottawa–Gatineau (Quebec),2 bedrooms,paid,1190.0,1,No caution flag,0,1160.0,1020.0,2.586206896551735,16.666666666666675,0.0,1.0
2025-01-01,2025Q1,Ottawa–Gatineau (Quebec),2 bedrooms,paid,1220.0,1,No caution flag,0,1190.0,1070.0,2.5210084033613356,14.018691588785037,0.0,1.0
2025-04-01,2025Q2,Ottawa–Gatineau (Quebec),2 bedrooms,paid,1260.0,1,No caution flag,0,1220.0,1120.0,3.2786885245901676,12.5,0.0,0.0
2025-07-01,2025Q3,Ottawa–Gatineau (Quebec),2 bedrooms,paid,1320.0,1,Use with caution,1,1260.0,1160.0,4.761904761904767,13.793103448275868,1.0,1.0
2025-10-01,2025Q4,Ottawa–Gatineau (Quebec),2 bedrooms,paid,1340.0,1,No caution flag,0,1320.0,1190.0,1.5151515151515138,12.605042016806722,1.0,0.0
2026-01-01,2026Q1,Ottawa–Gatineau (Quebec),2 bedrooms,paid,1360.0,1,No caution flag,0,1340.0,1220.0,1.4925373134328401,11.475409836065564,0.0,0.0
2026-04-01,2026Q2,Ottawa–Gatineau (Quebec),2 bedrooms,paid,1370.0,1,No caution flag,0,1360.0,1260.0,0.7352941176470562,8.73015873015872,0.0,0.0
2019-01-01,2019Q1,Ottawa–Gatineau (Quebec),3+ bedrooms,asking,1170.0,1,No caution flag,0,,,,,,
2019-04-01,2019Q2,Ottawa–Gatineau (Quebec),3+ bedrooms,asking,1090.0,1,Use with caution,1,1170.0,,-6.8376068376068355,,1.0,
2019-07-01,2019Q3,Ottawa–Gatineau (Quebec),3+ bedrooms,asking,1160.0,1,No caution flag,0,1090.0,,6.422018348623859,,1.0,
2019-10-01,2019Q4,Ottawa–Gatineau (Quebec),3+ bedrooms,asking,1180.0,1,No caution flag,0,1160.0,,1.724137931034475,,0.0,
2020-01-01,2020Q1,Ottawa–Gatineau (Quebec),3+ bedrooms,asking,1250.0,1,No caution flag,0,1180.0,1170.0,5.932203389830515,6.8376068376068355,0.0,0.0
2020-04-01,2020Q2,Ottawa–Gatineau (Quebec),3+ bedrooms,asking,1270.0,1,No caution flag,0,1250.0,1090.0,1.6000000000000014,16.5137614678899,0.0,1.0
2020-07-01,2020Q3,Ottawa–Gatineau (Quebec),3+ bedrooms,asking,1260.0,1,No caution flag,0,1270.0,1160.0,-0.7874015748031482,8.62068965517242,0.0,0.0
2020-10-01,2020Q4,Ottawa–Gatineau (Quebec),3+ bedrooms,asking,1300.0,1,No caution flag,0,1260.0,1180.0,3.1746031746031855,10.169491525423723,0.0,0.0
2021-01-01,2021Q1,Ottawa–Gatineau (Quebec),3+ bedrooms,asking,1370.0,1,No caution flag,0,1300.0,1250.0,5.384615384615388,9.600000000000009,0.0,0.0
2021-04-01,2021Q2,Ottawa–Gatineau (Quebec),3+ bedrooms,asking,1430.0,1,No caution flag,0,1370.0,1270.0,4.379562043795615,12.598425196850393,0.0,0.0
2021-07-01,2021Q3,Ottawa–Gatineau (Quebec),3+ bedrooms,asking,1470.0,1,No caution flag,0,1430.0,1260.0,2.7972027972027913,16.666666666666675,0.0,0.0
2021-10-01,2021Q4,Ottawa–Gatineau (Quebec),3+ bedrooms,asking,1480.0,1,No caution flag,0,1470.0,1300.0,0.6802721088435382,13.846153846153841,0.0,0.0
2022-01-01,2022Q1,Ottawa–Gatineau (Quebec),3+ bedrooms,asking,1550.0,1,No caution flag,0,1480.0,1370.0,4.729729729729737,13.138686131386867,0.0,0.0
2022-04-01,2022Q2,Ottawa–Gatineau (Quebec),3+ bedrooms,asking,1610.0,1,No caution flag,0,1550.0,1430.0,3.8709677419354938,12.587412587412583,0.0,0.0
2022-07-01,2022Q3,Ottawa–Gatineau (Quebec),3+ bedrooms,asking,1640.0,1,No caution flag,0,1610.0,1470.0,1.8633540372670732,11.564625850340127,0.0,0.0
2022-10-01,2022Q4,Ottawa–Gatineau (Quebec),3+ bedrooms,asking,1670.0,1,No caution flag,0,1640.0,1480.0,1.8292682926829285,12.837837837837828,0.0,0.0
2023-01-01,2023Q1,Ottawa–Gatineau (Quebec),3+ bedrooms,asking,1720.0,1,No caution flag,0,1670.0,1550.0,2.9940119760478945,10.967741935483865,0.0,0.0
2023-04-01,2023Q2,Ottawa–Gatineau (Quebec),3+ bedrooms,asking,1740.0,1,No caution flag,0,1720.0,1610.0,1.1627906976744207,8.074534161490687,0.0,0.0
2023-07-01,2023Q3,Ottawa–Gatineau (Quebec),3+ bedrooms,asking,1820.0,1,No caution flag,0,1740.0,1640.0,4.597701149425282,10.97560975609757,0.0,0.0
2023-10-01,2023Q4,Ottawa–Gatineau (Quebec),3+ bedrooms,asking,1870.0,1,No caution flag,0,1820.0,1670.0,2.7472527472527375,11.976047904191622,0.0,0.0
2024-01-01,2024Q1,Ottawa–Gatineau (Quebec),3+ bedrooms,asking,1890.0,1,No caution flag,0,1870.0,1720.0,1.0695187165775444,9.883720930232553,0.0,0.0
2024-04-01,2024Q2,Ottawa–Gatineau (Quebec),3+ bedrooms,asking,1960.0,1,No caution flag,0,1890.0,1740.0,3.703703703703698,12.643678160919535,0.0,0.0
2024-07-01,2024Q3,Ottawa–Gatineau (Quebec),3+ bedrooms,asking,1910.0,1,No caution flag,0,1960.0,1820.0,-2.5510204081632626,4.94505494505495,0.0,0.0
2024-10-01,2024Q4,Ottawa–Gatineau (Quebec),3+ bedrooms,asking,1850.0,1,No caution flag,0,1910.0,1870.0,-3.141361256544506,-1.0695187165775444,0.0,0.0
2025-01-01,2025Q1,Ottawa–Gatineau (Quebec),3+ bedrooms,asking,1990.0,1,No caution flag,0,1850.0,1890.0,7.567567567567557,5.291005291005302,0.0,0.0
2025-04-01,2025Q2,Ottawa–Gatineau (Quebec),3+ bedrooms,asking,1940.0,1,Use with caution,1,1990.0,1960.0,-2.5125628140703515,-1.0204081632653073,1.0,1.0
2025-07-01,2025Q3,Ottawa–Gatineau (Quebec),3+ bedrooms,asking,1890.0,1,No caution flag,0,1940.0,1910.0,-2.577319587628868,-1.0471204188481686,1.0,0.0
2025-10-01,2025Q4,Ottawa–Gatineau (Quebec),3+ bedrooms,asking,1950.0,1,No caution flag,0,1890.0,1850.0,3.1746031746031855,5.405405405405395,0.0,0.0
2026-01-01,2026Q1,Ottawa–Gatineau (Quebec),3+ bedrooms,asking,1890.0,1,No caution flag,0,1950.0,1990.0,-3.076923076923077,-5.025125628140703,0.0,0.0
2026-04-01,2026Q2,Ottawa–Gatineau (Quebec),3+ bedrooms,asking,1910.0,1,No caution flag,0,1890.0,1940.0,1.0582010582010692,-1.546391752577314,0.0,1.0
2019-01-01,2019Q1,Ottawa–Gatineau (Quebec),Studio,asking,680.0,1,Use with caution,1,,,,,,
2019-04-01,2019Q2,Ottawa–Gatineau (Quebec),Studio,asking,670.0,1,No caution flag,0,680.0,,-1.4705882352941124,,1.0,
2019-07-01,2019Q3,Ottawa–Gatineau (Quebec),Studio,asking,680.0,1,No caution flag,0,670.0,,1.4925373134328401,,0.0,
2019-10-01,2019Q4,Ottawa–Gatineau (Quebec),Studio,asking,840.0,1,Use with caution,1,680.0,,23.529411764705888,,1.0,
2020-01-01,2020Q1,Ottawa–Gatineau (Quebec),Studio,asking,740.0,1,No caution flag,0,840.0,680.0,-11.904761904761907,8.823529411764696,1.0,1.0
2020-04-01,2020Q2,Ottawa–Gatineau (Quebec),Studio,asking,790.0,1,No caution flag,0,740.0,670.0,6.756756756756754,17.910447761194035,0.0,0.0
2020-07-01,2020Q3,Ottawa–Gatineau (Quebec),Studio,asking,790.0,1,No caution flag,0,790.0,680.0,0.0,16.176470588235304,0.0,0.0
2020-10-01,2020Q4,Ottawa–Gatineau (Quebec),Studio,asking,780.0,1,No caution flag,0,790.0,840.0,-1.2658227848101222,-7.14285714285714,0.0,1.0
2021-01-01,2021Q1,Ottawa–Gatineau (Quebec),Studio,asking,770.0,1,No caution flag,0,780.0,740.0,-1.2820512820512775,4.054054054054057,0.0,0.0
2021-04-01,2021Q2,Ottawa–Gatineau (Quebec),Studio,asking,780.0,1,No caution flag,0,770.0,790.0,1.298701298701288,-1.2658227848101222,0.0,0.0
2021-07-01,2021Q3,Ottawa–Gatineau (Quebec),Studio,asking,810.0,1,No caution flag,0,780.0,790.0,3.8461538461538547,2.5316455696202445,0.0,0.0
2021-10-01,2021Q4,Ottawa–Gatineau (Quebec),Studio,asking,930.0,1,No caution flag,0,810.0,780.0,14.814814814814813,19.23076923076923,0.0,0.0
2022-01-01,2022Q1,Ottawa–Gatineau (Quebec),Studio,asking,950.0,1,No caution flag,0,930.0,770.0,2.1505376344086002,23.376623376623385,0.0,0.0
2022-04-01,2022Q2,Ottawa–Gatineau (Quebec),Studio,asking,980.0,1,No caution flag,0,950.0,780.0,3.157894736842115,25.64102564102564,0.0,0.0
2022-07-01,2022Q3,Ottawa–Gatineau (Quebec),Studio,asking,1010.0,1,No caution flag,0,980.0,810.0,3.0612244897959107,24.691358024691358,0.0,0.0
2022-10-01,2022Q4,Ottawa–Gatineau (Quebec),Studio,asking,1070.0,1,No caution flag,0,1010.0,930.0,5.940594059405946,15.053763440860223,0.0,0.0
2023-01-01,2023Q1,Ottawa–Gatineau (Quebec),Studio,asking,1070.0,1,No caution flag,0,1070.0,950.0,0.0,12.631578947368416,0.0,0.0
2023-04-01,2023Q2,Ottawa–Gatineau (Quebec),Studio,asking,1080.0,1,No caution flag,0,1070.0,980.0,0.9345794392523255,10.20408163265305,0.0,0.0
2023-07-01,2023Q3,Ottawa–Gatineau (Quebec),Studio,asking,1100.0,1,No caution flag,0,1080.0,1010.0,1.85185185185186,8.910891089108919,0.0,0.0
2023-10-01,2023Q4,Ottawa–Gatineau (Quebec),Studio,asking,1180.0,1,No caution flag,0,1100.0,1070.0,7.272727272727275,10.280373831775691,0.0,0.0
2024-01-01,2024Q1,Ottawa–Gatineau (Quebec),Studio,asking,1180.0,1,No caution flag,0,1180.0,1070.0,0.0,10.280373831775691,0.0,0.0
2024-04-01,2024Q2,Ottawa–Gatineau (Quebec),Studio,asking,1180.0,1,No caution flag,0,1180.0,1080.0,0.0,9.259259259259256,0.0,0.0
2024-07-01,2024Q3,Ottawa–Gatineau (Quebec),Studio,asking,1260.0,1,Use with caution,1,1180.0,1100.0,6.779661016949157,14.54545454545455,1.0,1.0
2024-10-01,2024Q4,Ottawa–Gatineau (Quebec),Studio,asking,1110.0,1,No caution flag,0,1260.0,1180.0,-11.904761904761907,-5.932203389830503,1.0,0.0
2025-01-01,2025Q1,Ottawa–Gatineau (Quebec),Studio,asking,1080.0,1,No caution flag,0,1110.0,1180.0,-2.7027027027026973,-8.47457627118644,0.0,0.0
2025-04-01,2025Q2,Ottawa–Gatineau (Quebec),Studio,asking,,0,Too unreliable to publish,0,1080.0,1180.0,,,,
2025-07-01,2025Q3,Ottawa–Gatineau (Quebec),Studio,asking,1160.0,1,Use with caution,1,,1260.0,,-7.936507936507942,,1.0
2025-10-01,2025Q4,Ottawa–Gatineau (Quebec),Studio,asking,1140.0,1,No caution flag,0,1160.0,1110.0,-1.7241379310344862,2.7027027027026973,1.0,0.0
2026-01-01,2026Q1,Ottawa–Gatineau (Quebec),Studio,asking,1170.0,1,No caution flag,0,1140.0,1080.0,2.6315789473684292,8.333333333333325,0.0,0.0
2026-04-01,2026Q2,Ottawa–Gatineau (Quebec),Studio,asking,1070.0,1,No caution flag,0,1170.0,,-8.54700854700855,,0.0,
2019-01-01,2019Q1,Toronto,1 bedroom,asking,1990.0,1,No caution flag,0,,,,,,
2019-04-01,2019Q2,Toronto,1 bedroom,asking,1980.0,1,No caution flag,0,1990.0,,-0.5025125628140725,,0.0,
2019-07-01,2019Q3,Toronto,1 bedroom,asking,1970.0,1,No caution flag,0,1980.0,,-0.5050505050505083,,0.0,
2019-10-01,2019Q4,Toronto,1 bedroom,asking,1980.0,1,No caution flag,0,1970.0,,0.50761421319796,,0.0,
2020-01-01,2020Q1,Toronto,1 bedroom,asking,2000.0,1,No caution flag,0,1980.0,1990.0,1.0101010101010166,0.5025125628140614,0.0,0.0
2020-04-01,2020Q2,Toronto,1 bedroom,asking,1930.0,1,No caution flag,0,2000.0,1980.0,-3.500000000000003,-2.5252525252525304,0.0,0.0
2020-07-01,2020Q3,Toronto,1 bedroom,asking,1860.0,1,No caution flag,0,1930.0,1970.0,-3.626943005181349,-5.58375634517766,0.0,0.0
2020-10-01,2020Q4,Toronto,1 bedroom,asking,1750.0,1,No caution flag,0,1860.0,1980.0,-5.913978494623651,-11.616161616161612,0.0,0.0
2021-01-01,2021Q1,Toronto,1 bedroom,asking,1720.0,1,No caution flag,0,1750.0,2000.0,-1.7142857142857126,-14.000000000000002,0.0,0.0
2021-04-01,2021Q2,Toronto,1 bedroom,asking,1740.0,1,No caution flag,0,1720.0,1930.0,1.1627906976744207,-9.84455958549223,0.0,0.0
2021-07-01,2021Q3,Toronto,1 bedroom,asking,1780.0,1,No caution flag,0,1740.0,1860.0,2.298850574712641,-4.3010752688172005,0.0,0.0
2021-10-01,2021Q4,Toronto,1 bedroom,asking,1830.0,1,No caution flag,0,1780.0,1750.0,2.8089887640449396,4.571428571428582,0.0,0.0
2022-01-01,2022Q1,Toronto,1 bedroom,asking,1870.0,1,No caution flag,0,1830.0,1720.0,2.1857923497267784,8.720930232558132,0.0,0.0
2022-04-01,2022Q2,Toronto,1 bedroom,asking,1950.0,1,No caution flag,0,1870.0,1740.0,4.278074866310155,12.06896551724137,0.0,0.0
2022-07-01,2022Q3,Toronto,1 bedroom,asking,2100.0,1,No caution flag,0,1950.0,1780.0,7.692307692307687,17.97752808988764,0.0,0.0
2022-10-01,2022Q4,Toronto,1 bedroom,asking,2180.0,1,No caution flag,0,2100.0,1830.0,3.809523809523818,19.12568306010929,0.0,0.0
2023-01-01,2023Q1,Toronto,1 bedroom,asking,2210.0,1,No caution flag,0,2180.0,1870.0,1.3761467889908285,18.181818181818187,0.0,0.0
2023-04-01,2023Q2,Toronto,1 bedroom,asking,2280.0,1,No caution flag,0,2210.0,1950.0,3.167420814479649,16.92307692307693,0.0,0.0
2023-07-01,2023Q3,Toronto,1 bedroom,asking,2320.0,1,No caution flag,0,2280.0,2100.0,1.7543859649122862,10.476190476190483,0.0,0.0
2023-10-01,2023Q4,Toronto,1 bedroom,asking,2340.0,1,No caution flag,0,2320.0,2180.0,0.8620689655172376,7.339449541284404,0.0,0.0
2024-01-01,2024Q1,Toronto,1 bedroom,asking,2290.0,1,No caution flag,0,2340.0,2210.0,-2.1367521367521403,3.619909502262453,0.0,0.0
2024-04-01,2024Q2,Toronto,1 bedroom,asking,2280.0,1,No caution flag,0,2290.0,2280.0,-0.4366812227074246,0.0,0.0,0.0
2024-07-01,2024Q3,Toronto,1 bedroom,asking,2270.0,1,No caution flag,0,2280.0,2320.0,-0.43859649122807154,-2.155172413793105,0.0,0.0
2024-10-01,2024Q4,Toronto,1 bedroom,asking,2210.0,1,No caution flag,0,2270.0,2340.0,-2.643171806167399,-5.555555555555558,0.0,0.0
2025-01-01,2025Q1,Toronto,1 bedroom,asking,2170.0,1,No caution flag,0,2210.0,2290.0,-1.8099547511312264,-5.2401746724890845,0.0,0.0
2025-04-01,2025Q2,Toronto,1 bedroom,asking,2150.0,1,Use with caution,1,2170.0,2280.0,-0.9216589861751112,-5.701754385964907,1.0,1.0
2025-07-01,2025Q3,Toronto,1 bedroom,asking,2160.0,1,No caution flag,0,2150.0,2270.0,0.46511627906977715,-4.845814977973573,1.0,0.0
2025-10-01,2025Q4,Toronto,1 bedroom,asking,2130.0,1,No caution flag,0,2160.0,2210.0,-1.388888888888884,-3.6199095022624417,0.0,0.0
2026-01-01,2026Q1,Toronto,1 bedroom,asking,2110.0,1,No caution flag,0,2130.0,2170.0,-0.9389671361502372,-2.7649769585253448,0.0,0.0
2026-04-01,2026Q2,Toronto,1 bedroom,asking,2090.0,1,No caution flag,0,2110.0,2150.0,-0.9478672985781977,-2.7906976744186074,0.0,1.0
2019-01-01,2019Q1,Toronto,1 bedroom,paid,1330.0,1,No caution flag,0,,,,,,
2019-04-01,2019Q2,Toronto,1 bedroom,paid,1340.0,1,No caution flag,0,1330.0,,0.7518796992481258,,0.0,
2019-07-01,2019Q3,Toronto,1 bedroom,paid,1360.0,1,No caution flag,0,1340.0,,1.4925373134328401,,0.0,
2019-10-01,2019Q4,Toronto,1 bedroom,paid,1370.0,1,No caution flag,0,1360.0,,0.7352941176470562,,0.0,
2020-01-01,2020Q1,Toronto,1 bedroom,paid,1390.0,1,No caution flag,0,1370.0,1330.0,1.4598540145985384,4.511278195488733,0.0,0.0
2020-04-01,2020Q2,Toronto,1 bedroom,paid,1380.0,1,No caution flag,0,1390.0,1340.0,-0.7194244604316502,2.9850746268656803,0.0,0.0
2020-07-01,2020Q3,Toronto,1 bedroom,paid,1390.0,1,No caution flag,0,1380.0,1360.0,0.7246376811594235,2.2058823529411686,0.0,0.0
2020-10-01,2020Q4,Toronto,1 bedroom,paid,1370.0,1,No caution flag,0,1390.0,1370.0,-1.4388489208633115,0.0,0.0,0.0
2021-01-01,2021Q1,Toronto,1 bedroom,paid,1370.0,1,No caution flag,0,1370.0,1390.0,0.0,-1.4388489208633115,0.0,0.0
2021-04-01,2021Q2,Toronto,1 bedroom,paid,1380.0,1,No caution flag,0,1370.0,1380.0,0.7299270072992803,0.0,0.0,0.0
2021-07-01,2021Q3,Toronto,1 bedroom,paid,1390.0,1,No caution flag,0,1380.0,1390.0,0.7246376811594235,0.0,0.0,0.0
2021-10-01,2021Q4,Toronto,1 bedroom,paid,1400.0,1,No caution flag,0,1390.0,1370.0,0.7194244604316502,2.1897810218978186,0.0,0.0
2022-01-01,2022Q1,Toronto,1 bedroom,paid,1420.0,1,No caution flag,0,1400.0,1370.0,1.4285714285714235,3.649635036496357,0.0,0.0
2022-04-01,2022Q2,Toronto,1 bedroom,paid,1460.0,1,No caution flag,0,1420.0,1380.0,2.8169014084507005,5.797101449275366,0.0,0.0
2022-07-01,2022Q3,Toronto,1 bedroom,paid,1490.0,1,No caution flag,0,1460.0,1390.0,2.0547945205479534,7.194244604316546,0.0,0.0
2022-10-01,2022Q4,Toronto,1 bedroom,paid,1510.0,1,No caution flag,0,1490.0,1400.0,1.342281879194629,7.857142857142851,0.0,0.0
2023-01-01,2023Q1,Toronto,1 bedroom,paid,1520.0,1,No caution flag,0,1510.0,1420.0,0.6622516556291425,7.042253521126751,0.0,0.0
2023-04-01,2023Q2,Toronto,1 bedroom,paid,1540.0,1,No caution flag,0,1520.0,1460.0,1.3157894736842035,5.47945205479452,0.0,0.0
2023-07-01,2023Q3,Toronto,1 bedroom,paid,1580.0,1,No caution flag,0,1540.0,1490.0,2.5974025974025983,6.040268456375841,0.0,0.0
2023-10-01,2023Q4,Toronto,1 bedroom,paid,1640.0,1,No caution flag,0,1580.0,1510.0,3.797468354430378,8.609271523178808,0.0,0.0
2024-01-01,2024Q1,Toronto,1 bedroom,paid,1700.0,1,Use with caution,1,1640.0,1520.0,3.658536585365857,11.842105263157897,1.0,1.0
2024-04-01,2024Q2,Toronto,1 bedroom,paid,1730.0,1,Use with caution,1,1700.0,1540.0,1.764705882352935,12.337662337662337,1.0,1.0
2024-07-01,2024Q3,Toronto,1 bedroom,paid,1740.0,1,Use with caution,1,1730.0,1580.0,0.5780346820809301,10.126582278481022,1.0,1.0
2024-10-01,2024Q4,Toronto,1 bedroom,paid,1740.0,1,No caution flag,0,1740.0,1640.0,0.0,6.0975609756097615,1.0,0.0
2025-01-01,2025Q1,Toronto,1 bedroom,paid,1750.0,1,No caution flag,0,1740.0,1700.0,0.5747126436781658,2.941176470588225,0.0,1.0
2025-04-01,2025Q2,Toronto,1 bedroom,paid,1750.0,1,No caution flag,0,1750.0,1730.0,0.0,1.1560693641618602,0.0,1.0
2025-07-01,2025Q3,Toronto,1 bedroom,paid,1780.0,1,No caution flag,0,1750.0,1740.0,1.7142857142857126,2.298850574712641,0.0,1.0
2025-10-01,2025Q4,Toronto,1 bedroom,paid,1800.0,1,No caution flag,0,1780.0,1740.0,1.1235955056179803,3.4482758620689724,0.0,0.0
2026-01-01,2026Q1,Toronto,1 bedroom,paid,1840.0,1,No caution flag,0,1800.0,1750.0,2.2222222222222143,5.142857142857138,0.0,0.0
2026-04-01,2026Q2,Toronto,1 bedroom,paid,1840.0,1,No caution flag,0,1840.0,1750.0,0.0,5.142857142857138,0.0,0.0
2019-01-01,2019Q1,Toronto,2 bedrooms,asking,2560.0,1,No caution flag,0,,,,,,
2019-04-01,2019Q2,Toronto,2 bedrooms,asking,2550.0,1,No caution flag,0,2560.0,,-0.390625,,0.0,
2019-07-01,2019Q3,Toronto,2 bedrooms,asking,2480.0,1,No caution flag,0,2550.0,,-2.7450980392156876,,0.0,
2019-10-01,2019Q4,Toronto,2 bedrooms,asking,2480.0,1,No caution flag,0,2480.0,,0.0,,0.0,
2020-01-01,2020Q1,Toronto,2 bedrooms,asking,2490.0,1,No caution flag,0,2480.0,2560.0,0.40322580645162365,-2.734375,0.0,0.0
2020-04-01,2020Q2,Toronto,2 bedrooms,asking,2370.0,1,No caution flag,0,2490.0,2550.0,-4.81927710843374,-7.058823529411762,0.0,0.0
2020-07-01,2020Q3,Toronto,2 bedrooms,asking,2310.0,1,No caution flag,0,2370.0,2480.0,-2.5316455696202556,-6.854838709677424,0.0,0.0
2020-10-01,2020Q4,Toronto,2 bedrooms,asking,2190.0,1,No caution flag,0,2310.0,2480.0,-5.1948051948051965,-11.693548387096776,0.0,0.0
2021-01-01,2021Q1,Toronto,2 bedrooms,asking,2140.0,1,No caution flag,0,2190.0,2490.0,-2.2831050228310557,-14.05622489959839,0.0,0.0
2021-04-01,2021Q2,Toronto,2 bedrooms,asking,2190.0,1,No caution flag,0,2140.0,2370.0,2.336448598130847,-7.594936708860756,0.0,0.0
2021-07-01,2021Q3,Toronto,2 bedrooms,asking,2210.0,1,No caution flag,0,2190.0,2310.0,0.9132420091324311,-4.329004329004327,0.0,0.0
2021-10-01,2021Q4,Toronto,2 bedrooms,asking,2280.0,1,No caution flag,0,2210.0,2190.0,3.167420814479649,4.109589041095885,0.0,0.0
2022-01-01,2022Q1,Toronto,2 bedrooms,asking,2320.0,1,No caution flag,0,2280.0,2140.0,1.7543859649122862,8.411214953271017,0.0,0.0
2022-04-01,2022Q2,Toronto,2 bedrooms,asking,2460.0,1,No caution flag,0,2320.0,2190.0,6.034482758620685,12.328767123287676,0.0,0.0
2022-07-01,2022Q3,Toronto,2 bedrooms,asking,2640.0,1,No caution flag,0,2460.0,2210.0,7.317073170731714,19.457013574660632,0.0,0.0
2022-10-01,2022Q4,Toronto,2 bedrooms,asking,2710.0,1,No caution flag,0,2640.0,2280.0,2.6515151515151603,18.85964912280702,0.0,0.0
2023-01-01,2023Q1,Toronto,2 bedrooms,asking,2730.0,1,No caution flag,0,2710.0,2320.0,0.7380073800737907,17.67241379310345,0.0,0.0
2023-04-01,2023Q2,Toronto,2 bedrooms,asking,2880.0,1,No caution flag,0,2730.0,2460.0,5.494505494505497,17.07317073170731,0.0,0.0
2023-07-01,2023Q3,Toronto,2 bedrooms,asking,2920.0,1,No caution flag,0,2880.0,2640.0,1.388888888888884,10.606060606060597,0.0,0.0
2023-10-01,2023Q4,Toronto,2 bedrooms,asking,2920.0,1,No caution flag,0,2920.0,2710.0,0.0,7.749077490774914,0.0,0.0
2024-01-01,2024Q1,Toronto,2 bedrooms,asking,2850.0,1,No caution flag,0,2920.0,2730.0,-2.397260273972601,4.395604395604402,0.0,0.0
2024-04-01,2024Q2,Toronto,2 bedrooms,asking,2830.0,1,No caution flag,0,2850.0,2880.0,-0.7017543859649145,-1.736111111111116,0.0,0.0
2024-07-01,2024Q3,Toronto,2 bedrooms,asking,2830.0,1,No caution flag,0,2830.0,2920.0,0.0,-3.082191780821919,0.0,0.0
2024-10-01,2024Q4,Toronto,2 bedrooms,asking,2740.0,1,No caution flag,0,2830.0,2920.0,-3.180212014134276,-6.164383561643838,0.0,0.0
2025-01-01,2025Q1,Toronto,2 bedrooms,asking,2690.0,1,No caution flag,0,2740.0,2850.0,-1.8248175182481785,-5.6140350877192935,0.0,0.0
2025-04-01,2025Q2,Toronto,2 bedrooms,asking,2670.0,1,Use with caution,1,2690.0,2830.0,-0.743494423791824,-5.653710247349819,1.0,1.0
2025-07-01,2025Q3,Toronto,2 bedrooms,asking,2720.0,1,No caution flag,0,2670.0,2830.0,1.8726591760299671,-3.886925795053009,1.0,0.0
2025-10-01,2025Q4,Toronto,2 bedrooms,asking,2670.0,1,No caution flag,0,2720.0,2740.0,-1.8382352941176516,-2.5547445255474477,0.0,0.0
2026-01-01,2026Q1,Toronto,2 bedrooms,asking,2660.0,1,No caution flag,0,2670.0,2690.0,-0.3745318352059934,-1.115241635687736,0.0,0.0
2026-04-01,2026Q2,Toronto,2 bedrooms,asking,2650.0,1,No caution flag,0,2660.0,2670.0,-0.3759398496240629,-0.7490636704119868,0.0,1.0
2019-01-01,2019Q1,Toronto,2 bedrooms,paid,1470.0,1,No caution flag,0,,,,,,
2019-04-01,2019Q2,Toronto,2 bedrooms,paid,1490.0,1,No caution flag,0,1470.0,,1.3605442176870763,,0.0,
2019-07-01,2019Q3,Toronto,2 bedrooms,paid,1510.0,1,No caution flag,0,1490.0,,1.342281879194629,,0.0,
2019-10-01,2019Q4,Toronto,2 bedrooms,paid,1520.0,1,No caution flag,0,1510.0,,0.6622516556291425,,0.0,
2020-01-01,2020Q1,Toronto,2 bedrooms,paid,1550.0,1,No caution flag,0,1520.0,1470.0,1.9736842105263053,5.442176870748305,0.0,0.0
2020-04-01,2020Q2,Toronto,2 bedrooms,paid,1570.0,1,No caution flag,0,1550.0,1490.0,1.2903225806451646,5.369127516778516,0.0,0.0
2020-07-01,2020Q3,Toronto,2 bedrooms,paid,1590.0,1,No caution flag,0,1570.0,1510.0,1.273885350318471,5.298013245033117,0.0,0.0
2020-10-01,2020Q4,Toronto,2 bedrooms,paid,1600.0,1,No caution flag,0,1590.0,1520.0,0.6289308176100628,5.263157894736836,0.0,0.0
2021-01-01,2021Q1,Toronto,2 bedrooms,paid,1620.0,1,No caution flag,0,1600.0,1550.0,1.2499999999999956,4.516129032258065,0.0,0.0
2021-04-01,2021Q2,Toronto,2 bedrooms,paid,1620.0,1,No caution flag,0,1620.0,1570.0,0.0,3.1847133757961776,0.0,0.0
2021-07-01,2021Q3,Toronto,2 bedrooms,paid,1600.0,1,No caution flag,0,1620.0,1590.0,-1.2345679012345734,0.6289308176100628,0.0,0.0
2021-10-01,2021Q4,Toronto,2 bedrooms,paid,1600.0,1,Use with caution,1,1600.0,1600.0,0.0,0.0,1.0,1.0
2022-01-01,2022Q1,Toronto,2 bedrooms,paid,1630.0,1,Use with caution,1,1600.0,1620.0,1.8750000000000044,0.6172839506172867,1.0,1.0
2022-04-01,2022Q2,Toronto,2 bedrooms,paid,1670.0,1,No caution flag,0,1630.0,1620.0,2.4539877300613577,3.0864197530864113,1.0,0.0
2022-07-01,2022Q3,Toronto,2 bedrooms,paid,1690.0,1,No caution flag,0,1670.0,1600.0,1.1976047904191711,5.624999999999991,0.0,0.0
2022-10-01,2022Q4,Toronto,2 bedrooms,paid,1720.0,1,No caution flag,0,1690.0,1600.0,1.775147928994092,7.499999999999996,0.0,1.0
2023-01-01,2023Q1,Toronto,2 bedrooms,paid,1740.0,1,No caution flag,0,1720.0,1630.0,1.1627906976744207,6.748466257668717,0.0,1.0
2023-04-01,2023Q2,Toronto,2 bedrooms,paid,1770.0,1,No caution flag,0,1740.0,1670.0,1.724137931034475,5.988023952095811,0.0,0.0
2023-07-01,2023Q3,Toronto,2 bedrooms,paid,1800.0,1,No caution flag,0,1770.0,1690.0,1.6949152542372836,6.5088757396449815,0.0,0.0
2023-10-01,2023Q4,Toronto,2 bedrooms,paid,1840.0,1,No caution flag,0,1800.0,1720.0,2.2222222222222143,6.976744186046502,0.0,0.0
2024-01-01,2024Q1,Toronto,2 bedrooms,paid,1890.0,1,No caution flag,0,1840.0,1740.0,2.717391304347827,8.62068965517242,0.0,0.0
2024-04-01,2024Q2,Toronto,2 bedrooms,paid,1940.0,1,No caution flag,0,1890.0,1770.0,2.645502645502651,9.604519774011289,0.0,0.0
2024-07-01,2024Q3,Toronto,2 bedrooms,paid,1980.0,1,No caution flag,0,1940.0,1800.0,2.0618556701030855,10.000000000000009,0.0,0.0
2024-10-01,2024Q4,Toronto,2 bedrooms,paid,2010.0,1,No caution flag,0,1980.0,1840.0,1.5151515151515138,9.239130434782616,0.0,0.0
2025-01-01,2025Q1,Toronto,2 bedrooms,paid,2060.0,1,No caution flag,0,2010.0,1890.0,2.487562189054726,8.994708994709,0.0,0.0
2025-04-01,2025Q2,Toronto,2 bedrooms,paid,2090.0,1,No caution flag,0,2060.0,1940.0,1.4563106796116498,7.731958762886593,0.0,0.0
2025-07-01,2025Q3,Toronto,2 bedrooms,paid,2120.0,1,No caution flag,0,2090.0,1980.0,1.4354066985645897,7.070707070707072,0.0,0.0
2025-10-01,2025Q4,Toronto,2 bedrooms,paid,2140.0,1,No caution flag,0,2120.0,2010.0,0.9433962264151052,6.467661691542292,0.0,0.0
2026-01-01,2026Q1,Toronto,2 bedrooms,paid,2150.0,1,No caution flag,0,2140.0,2060.0,0.4672897196261738,4.3689320388349495,0.0,0.0
2026-04-01,2026Q2,Toronto,2 bedrooms,paid,2160.0,1,No caution flag,0,2150.0,2090.0,0.46511627906977715,3.349282296650724,0.0,0.0
2019-01-01,2019Q1,Toronto,3+ bedrooms,asking,2850.0,1,No caution flag,0,,,,,,
2019-04-01,2019Q2,Toronto,3+ bedrooms,asking,2860.0,1,No caution flag,0,2850.0,,0.35087719298245723,,0.0,
2019-07-01,2019Q3,Toronto,3+ bedrooms,asking,2840.0,1,No caution flag,0,2860.0,,-0.6993006993006978,,0.0,
2019-10-01,2019Q4,Toronto,3+ bedrooms,asking,2800.0,1,No caution flag,0,2840.0,,-1.4084507042253502,,0.0,
2020-01-01,2020Q1,Toronto,3+ bedrooms,asking,2840.0,1,No caution flag,0,2800.0,2850.0,1.4285714285714235,-0.35087719298245723,0.0,0.0
2020-04-01,2020Q2,Toronto,3+ bedrooms,asking,2780.0,1,No caution flag,0,2840.0,2860.0,-2.1126760563380254,-2.7972027972028024,0.0,0.0
2020-07-01,2020Q3,Toronto,3+ bedrooms,asking,2780.0,1,No caution flag,0,2780.0,2840.0,0.0,-2.1126760563380254,0.0,0.0
2020-10-01,2020Q4,Toronto,3+ bedrooms,asking,2600.0,1,No caution flag,0,2780.0,2800.0,-6.474820143884896,-7.14285714285714,0.0,0.0
2021-01-01,2021Q1,Toronto,3+ bedrooms,asking,2540.0,1,No caution flag,0,2600.0,2840.0,-2.3076923076923106,-10.563380281690138,0.0,0.0
2021-04-01,2021Q2,Toronto,3+ bedrooms,asking,2600.0,1,No caution flag,0,2540.0,2780.0,2.3622047244094446,-6.474820143884896,0.0,0.0
2021-07-01,2021Q3,Toronto,3+ bedrooms,asking,2620.0,1,No caution flag,0,2600.0,2780.0,0.7692307692307665,-5.755395683453235,0.0,0.0
2021-10-01,2021Q4,Toronto,3+ bedrooms,asking,2680.0,1,No caution flag,0,2620.0,2600.0,2.2900763358778553,3.076923076923066,0.0,0.0
2022-01-01,2022Q1,Toronto,3+ bedrooms,asking,2740.0,1,No caution flag,0,2680.0,2540.0,2.238805970149249,7.874015748031504,0.0,0.0
2022-04-01,2022Q2,Toronto,3+ bedrooms,asking,2930.0,1,No caution flag,0,2740.0,2600.0,6.934306569343063,12.692307692307692,0.0,0.0
2022-07-01,2022Q3,Toronto,3+ bedrooms,asking,3130.0,1,No caution flag,0,2930.0,2620.0,6.8259385665528916,19.465648854961827,0.0,0.0
2022-10-01,2022Q4,Toronto,3+ bedrooms,asking,3230.0,1,No caution flag,0,3130.0,2680.0,3.194888178913735,20.522388059701502,0.0,0.0
2023-01-01,2023Q1,Toronto,3+ bedrooms,asking,3230.0,1,No caution flag,0,3230.0,2740.0,0.0,17.88321167883211,0.0,0.0
2023-04-01,2023Q2,Toronto,3+ bedrooms,asking,3470.0,1,No caution flag,0,3230.0,2930.0,7.430340557275539,18.430034129692842,0.0,0.0
2023-07-01,2023Q3,Toronto,3+ bedrooms,asking,3490.0,1,No caution flag,0,3470.0,3130.0,0.5763688760807018,11.501597444089452,0.0,0.0
2023-10-01,2023Q4,Toronto,3+ bedrooms,asking,3660.0,1,No caution flag,0,3490.0,3230.0,4.871060171919761,13.31269349845201,0.0,0.0
2024-01-01,2024Q1,Toronto,3+ bedrooms,asking,3520.0,1,No caution flag,0,3660.0,3230.0,-3.825136612021862,8.978328173374607,0.0,0.0
2024-04-01,2024Q2,Toronto,3+ bedrooms,asking,3520.0,1,No caution flag,0,3520.0,3470.0,0.0,1.4409221902017322,0.0,0.0
2024-07-01,2024Q3,Toronto,3+ bedrooms,asking,3510.0,1,No caution flag,0,3520.0,3490.0,-0.28409090909090606,0.5730659025787954,0.0,0.0
2024-10-01,2024Q4,Toronto,3+ bedrooms,asking,3440.0,1,No caution flag,0,3510.0,3660.0,-1.9943019943019946,-6.010928961748629,0.0,0.0
2025-01-01,2025Q1,Toronto,3+ bedrooms,asking,3320.0,1,No caution flag,0,3440.0,3520.0,-3.488372093023251,-5.681818181818176,0.0,0.0
2025-04-01,2025Q2,Toronto,3+ bedrooms,asking,3350.0,1,Use with caution,1,3320.0,3520.0,0.9036144578313143,-4.829545454545459,1.0,1.0
2025-07-01,2025Q3,Toronto,3+ bedrooms,asking,3370.0,1,No caution flag,0,3350.0,3510.0,0.5970149253731405,-3.9886039886039892,1.0,0.0
2025-10-01,2025Q4,Toronto,3+ bedrooms,asking,3290.0,1,No caution flag,0,3370.0,3440.0,-2.3738872403560873,-4.360465116279066,0.0,0.0
2026-01-01,2026Q1,Toronto,3+ bedrooms,asking,3250.0,1,No caution flag,0,3290.0,3320.0,-1.2158054711246202,-2.108433734939763,0.0,0.0
2026-04-01,2026Q2,Toronto,3+ bedrooms,asking,3270.0,1,No caution flag,0,3250.0,3350.0,0.6153846153846176,-2.3880597014925398,0.0,1.0
2019-01-01,2019Q1,Toronto,Studio,asking,1680.0,1,No caution flag,0,,,,,,
2019-04-01,2019Q2,Toronto,Studio,asking,1720.0,1,No caution flag,0,1680.0,,2.3809523809523725,,0.0,
2019-07-01,2019Q3,Toronto,Studio,asking,1730.0,1,No caution flag,0,1720.0,,0.5813953488372103,,0.0,
2019-10-01,2019Q4,Toronto,Studio,asking,1590.0,1,No caution flag,0,1730.0,,-8.092485549132943,,0.0,
2020-01-01,2020Q1,Toronto,Studio,asking,1610.0,1,No caution flag,0,1590.0,1680.0,1.2578616352201255,-4.1666666666666625,0.0,0.0
2020-04-01,2020Q2,Toronto,Studio,asking,1560.0,1,No caution flag,0,1610.0,1720.0,-3.105590062111796,-9.302325581395355,0.0,0.0
2020-07-01,2020Q3,Toronto,Studio,asking,1510.0,1,No caution flag,0,1560.0,1730.0,-3.205128205128205,-12.71676300578035,0.0,0.0
2020-10-01,2020Q4,Toronto,Studio,asking,1400.0,1,No caution flag,0,1510.0,1590.0,-7.284768211920534,-11.949685534591193,0.0,0.0
2021-01-01,2021Q1,Toronto,Studio,asking,1390.0,1,No caution flag,0,1400.0,1610.0,-0.7142857142857117,-13.664596273291929,0.0,0.0
2021-04-01,2021Q2,Toronto,Studio,asking,1400.0,1,No caution flag,0,1390.0,1560.0,0.7194244604316502,-10.256410256410254,0.0,0.0
2021-07-01,2021Q3,Toronto,Studio,asking,1430.0,1,No caution flag,0,1400.0,1510.0,2.1428571428571352,-5.298013245033117,0.0,0.0
2021-10-01,2021Q4,Toronto,Studio,asking,1440.0,1,No caution flag,0,1430.0,1400.0,0.6993006993007089,2.857142857142847,0.0,0.0
2022-01-01,2022Q1,Toronto,Studio,asking,1480.0,1,No caution flag,0,1440.0,1390.0,2.777777777777768,6.474820143884896,0.0,0.0
2022-04-01,2022Q2,Toronto,Studio,asking,1550.0,1,No caution flag,0,1480.0,1400.0,4.729729729729737,10.71428571428572,0.0,0.0
2022-07-01,2022Q3,Toronto,Studio,asking,1640.0,1,No caution flag,0,1550.0,1430.0,5.8064516129032295,14.685314685314687,0.0,0.0
2022-10-01,2022Q4,Toronto,Studio,asking,1720.0,1,No caution flag,0,1640.0,1440.0,4.878048780487809,19.444444444444443,0.0,0.0
2023-01-01,2023Q1,Toronto,Studio,asking,1760.0,1,No caution flag,0,1720.0,1480.0,2.3255813953488413,18.918918918918926,0.0,0.0
2023-04-01,2023Q2,Toronto,Studio,asking,1830.0,1,No caution flag,0,1760.0,1550.0,3.9772727272727293,18.06451612903226,0.0,0.0
2023-07-01,2023Q3,Toronto,Studio,asking,1870.0,1,No caution flag,0,1830.0,1640.0,2.1857923497267784,14.02439024390243,0.0,0.0
2023-10-01,2023Q4,Toronto,Studio,asking,1910.0,1,No caution flag,0,1870.0,1720.0,2.1390374331550888,11.046511627906973,0.0,0.0
2024-01-01,2024Q1,Toronto,Studio,asking,1880.0,1,No caution flag,0,1910.0,1760.0,-1.5706806282722474,6.818181818181812,0.0,0.0
2024-04-01,2024Q2,Toronto,Studio,asking,1880.0,1,No caution flag,0,1880.0,1830.0,0.0,2.732240437158473,0.0,0.0
2024-07-01,2024Q3,Toronto,Studio,asking,1890.0,1,No caution flag,0,1880.0,1870.0,0.5319148936170137,1.0695187165775444,0.0,0.0
2024-10-01,2024Q4,Toronto,Studio,asking,1830.0,1,No caution flag,0,1890.0,1910.0,-3.1746031746031744,-4.188481675392675,0.0,0.0
2025-01-01,2025Q1,Toronto,Studio,asking,1800.0,1,No caution flag,0,1830.0,1880.0,-1.6393442622950838,-4.255319148936165,0.0,0.0
2025-04-01,2025Q2,Toronto,Studio,asking,1810.0,1,Use with caution,1,1800.0,1880.0,0.5555555555555536,-3.7234042553191515,1.0,1.0
2025-07-01,2025Q3,Toronto,Studio,asking,1810.0,1,No caution flag,0,1810.0,1890.0,0.0,-4.232804232804233,1.0,0.0
2025-10-01,2025Q4,Toronto,Studio,asking,1770.0,1,No caution flag,0,1810.0,1830.0,-2.209944751381221,-3.2786885245901676,0.0,0.0
2026-01-01,2026Q1,Toronto,Studio,asking,1760.0,1,No caution flag,0,1770.0,1800.0,-0.5649717514124242,-2.2222222222222254,0.0,0.0
2026-04-01,2026Q2,Toronto,Studio,asking,1750.0,1,No caution flag,0,1760.0,1810.0,-0.5681818181818232,-3.314917127071826,0.0,1.0
2019-01-01,2019Q1,Vancouver,1 bedroom,asking,1870.0,1,No caution flag,0,,,,,,
2019-04-01,2019Q2,Vancouver,1 bedroom,asking,1900.0,1,No caution flag,0,1870.0,,1.6042780748663166,,0.0,
2019-07-01,2019Q3,Vancouver,1 bedroom,asking,1870.0,1,No caution flag,0,1900.0,,-1.5789473684210575,,0.0,
2019-10-01,2019Q4,Vancouver,1 bedroom,asking,1890.0,1,No caution flag,0,1870.0,,1.0695187165775444,,0.0,
2020-01-01,2020Q1,Vancouver,1 bedroom,asking,1910.0,1,No caution flag,0,1890.0,1870.0,1.0582010582010692,2.1390374331550888,0.0,0.0
2020-04-01,2020Q2,Vancouver,1 bedroom,asking,1870.0,1,No caution flag,0,1910.0,1900.0,-2.0942408376963373,-1.5789473684210575,0.0,0.0
2020-07-01,2020Q3,Vancouver,1 bedroom,asking,1850.0,1,No caution flag,0,1870.0,1870.0,-1.0695187165775444,-1.0695187165775444,0.0,0.0
2020-10-01,2020Q4,Vancouver,1 bedroom,asking,1810.0,1,No caution flag,0,1850.0,1890.0,-2.1621621621621623,-4.232804232804233,0.0,0.0
2021-01-01,2021Q1,Vancouver,1 bedroom,asking,1840.0,1,No caution flag,0,1810.0,1910.0,1.6574585635359185,-3.6649214659685847,0.0,0.0
2021-04-01,2021Q2,Vancouver,1 bedroom,asking,1860.0,1,No caution flag,0,1840.0,1870.0,1.0869565217391353,-0.5347593582887722,0.0,0.0
2021-07-01,2021Q3,Vancouver,1 bedroom,asking,1910.0,1,No caution flag,0,1860.0,1850.0,2.6881720430107503,3.2432432432432323,0.0,0.0
2021-10-01,2021Q4,Vancouver,1 bedroom,asking,1970.0,1,No caution flag,0,1910.0,1810.0,3.141361256544495,8.83977900552486,0.0,0.0
2022-01-01,2022Q1,Vancouver,1 bedroom,asking,2060.0,1,No caution flag,0,1970.0,1840.0,4.5685279187817285,11.956521739130444,0.0,0.0
2022-04-01,2022Q2,Vancouver,1 bedroom,asking,2190.0,1,No caution flag,0,2060.0,1860.0,6.310679611650483,17.741935483870975,0.0,0.0
2022-07-01,2022Q3,Vancouver,1 bedroom,asking,2400.0,1,No caution flag,0,2190.0,1910.0,9.589041095890405,25.654450261780106,0.0,0.0
2022-10-01,2022Q4,Vancouver,1 bedroom,asking,2450.0,1,No caution flag,0,2400.0,1970.0,2.083333333333326,24.365482233502544,0.0,0.0
2023-01-01,2023Q1,Vancouver,1 bedroom,asking,2440.0,1,No caution flag,0,2450.0,2060.0,-0.40816326530612734,18.446601941747566,0.0,0.0
2023-04-01,2023Q2,Vancouver,1 bedroom,asking,2520.0,1,No caution flag,0,2440.0,2190.0,3.2786885245901676,15.068493150684926,0.0,0.0
2023-07-01,2023Q3,Vancouver,1 bedroom,asking,2640.0,1,No caution flag,0,2520.0,2400.0,4.761904761904767,10.000000000000009,0.0,0.0
2023-10-01,2023Q4,Vancouver,1 bedroom,asking,2560.0,1,No caution flag,0,2640.0,2450.0,-3.0303030303030276,4.489795918367356,0.0,0.0
2024-01-01,2024Q1,Vancouver,1 bedroom,asking,2530.0,1,No caution flag,0,2560.0,2440.0,-1.171875,3.688524590163933,0.0,0.0
2024-04-01,2024Q2,Vancouver,1 bedroom,asking,2520.0,1,No caution flag,0,2530.0,2520.0,-0.39525691699604515,0.0,0.0,0.0
2024-07-01,2024Q3,Vancouver,1 bedroom,asking,2510.0,1,No caution flag,0,2520.0,2640.0,-0.3968253968253954,-4.92424242424242,0.0,0.0
2024-10-01,2024Q4,Vancouver,1 bedroom,asking,2450.0,1,No caution flag,0,2510.0,2560.0,-2.39043824701195,-4.296875,0.0,0.0
2025-01-01,2025Q1,Vancouver,1 bedroom,asking,2380.0,1,No caution flag,0,2450.0,2530.0,-2.857142857142858,-5.928853754940711,0.0,0.0
2025-04-01,2025Q2,Vancouver,1 bedroom,asking,2380.0,1,Use with caution,1,2380.0,2520.0,0.0,-5.555555555555558,1.0,1.0
2025-07-01,2025Q3,Vancouver,1 bedroom,asking,2390.0,1,No caution flag,0,2380.0,2510.0,0.42016806722688926,-4.7808764940239,1.0,0.0
2025-10-01,2025Q4,Vancouver,1 bedroom,asking,2320.0,1,No caution flag,0,2390.0,2450.0,-2.9288702928870314,-5.306122448979589,0.0,0.0
2026-01-01,2026Q1,Vancouver,1 bedroom,asking,2290.0,1,No caution flag,0,2320.0,2380.0,-1.2931034482758674,-3.7815126050420145,0.0,0.0
2026-04-01,2026Q2,Vancouver,1 bedroom,asking,2280.0,1,No caution flag,0,2290.0,2380.0,-0.4366812227074246,-4.201680672268903,0.0,1.0
2019-01-01,2019Q1,Vancouver,1 bedroom,paid,1240.0,1,No caution flag,0,,,,,,
2019-04-01,2019Q2,Vancouver,1 bedroom,paid,1270.0,1,No caution flag,0,1240.0,,2.4193548387096753,,0.0,
2019-07-01,2019Q3,Vancouver,1 bedroom,paid,1300.0,1,No caution flag,0,1270.0,,2.3622047244094446,,0.0,
2019-10-01,2019Q4,Vancouver,1 bedroom,paid,1340.0,1,No caution flag,0,1300.0,,3.076923076923066,,0.0,
2020-01-01,2020Q1,Vancouver,1 bedroom,paid,1370.0,1,No caution flag,0,1340.0,1240.0,2.238805970149249,10.483870967741925,0.0,0.0
2020-04-01,2020Q2,Vancouver,1 bedroom,paid,1380.0,1,No caution flag,0,1370.0,1270.0,0.7299270072992803,8.661417322834652,0.0,0.0
2020-07-01,2020Q3,Vancouver,1 bedroom,paid,1380.0,1,No caution flag,0,1380.0,1300.0,0.0,6.153846153846154,0.0,0.0
2020-10-01,2020Q4,Vancouver,1 bedroom,paid,1380.0,1,No caution flag,0,1380.0,1340.0,0.0,2.9850746268656803,0.0,0.0
2021-01-01,2021Q1,Vancouver,1 bedroom,paid,1390.0,1,No caution flag,0,1380.0,1370.0,0.7246376811594235,1.4598540145985384,0.0,0.0
2021-04-01,2021Q2,Vancouver,1 bedroom,paid,1410.0,1,No caution flag,0,1390.0,1380.0,1.4388489208633004,2.1739130434782705,0.0,0.0
2021-07-01,2021Q3,Vancouver,1 bedroom,paid,1420.0,1,No caution flag,0,1410.0,1380.0,0.7092198581560183,2.898550724637672,0.0,0.0
2021-10-01,2021Q4,Vancouver,1 bedroom,paid,1450.0,1,No caution flag,0,1420.0,1380.0,2.1126760563380254,5.072463768115942,0.0,0.0
2022-01-01,2022Q1,Vancouver,1 bedroom,paid,1460.0,1,No caution flag,0,1450.0,1390.0,0.6896551724137945,5.035971223021574,0.0,0.0
2022-04-01,2022Q2,Vancouver,1 bedroom,paid,1480.0,1,No caution flag,0,1460.0,1410.0,1.3698630136986356,4.964539007092195,0.0,0.0
2022-07-01,2022Q3,Vancouver,1 bedroom,paid,1470.0,1,No caution flag,0,1480.0,1420.0,-0.6756756756756799,3.5211267605633756,0.0,0.0
2022-10-01,2022Q4,Vancouver,1 bedroom,paid,1470.0,1,No caution flag,0,1470.0,1450.0,0.0,1.379310344827589,0.0,0.0
2023-01-01,2023Q1,Vancouver,1 bedroom,paid,1490.0,1,No caution flag,0,1470.0,1460.0,1.3605442176870763,2.0547945205479534,0.0,0.0
2023-04-01,2023Q2,Vancouver,1 bedroom,paid,1530.0,1,No caution flag,0,1490.0,1480.0,2.684563758389258,3.378378378378377,0.0,0.0
2023-07-01,2023Q3,Vancouver,1 bedroom,paid,1550.0,1,No caution flag,0,1530.0,1470.0,1.3071895424836555,5.442176870748305,0.0,0.0
2023-10-01,2023Q4,Vancouver,1 bedroom,paid,1570.0,1,No caution flag,0,1550.0,1470.0,1.2903225806451646,6.802721088435382,0.0,0.0
2024-01-01,2024Q1,Vancouver,1 bedroom,paid,1600.0,1,No caution flag,0,1570.0,1490.0,1.9108280254777066,7.38255033557047,0.0,0.0
2024-04-01,2024Q2,Vancouver,1 bedroom,paid,1630.0,1,No caution flag,0,1600.0,1530.0,1.8750000000000044,6.5359477124183,0.0,0.0
2024-07-01,2024Q3,Vancouver,1 bedroom,paid,1660.0,1,No caution flag,0,1630.0,1550.0,1.8404907975460016,7.096774193548394,0.0,0.0
2024-10-01,2024Q4,Vancouver,1 bedroom,paid,1700.0,1,No caution flag,0,1660.0,1570.0,2.4096385542168752,8.280254777070063,0.0,0.0
2025-01-01,2025Q1,Vancouver,1 bedroom,paid,1740.0,1,No caution flag,0,1700.0,1600.0,2.35294117647058,8.749999999999991,0.0,0.0
2025-04-01,2025Q2,Vancouver,1 bedroom,paid,1800.0,1,No caution flag,0,1740.0,1630.0,3.4482758620689724,10.429447852760742,0.0,0.0
2025-07-01,2025Q3,Vancouver,1 bedroom,paid,1830.0,1,No caution flag,0,1800.0,1660.0,1.6666666666666607,10.24096385542168,0.0,0.0
2025-10-01,2025Q4,Vancouver,1 bedroom,paid,1860.0,1,No caution flag,0,1830.0,1700.0,1.6393442622950838,9.411764705882364,0.0,0.0
2026-01-01,2026Q1,Vancouver,1 bedroom,paid,1880.0,1,No caution flag,0,1860.0,1740.0,1.0752688172043001,8.045977011494255,0.0,0.0
2026-04-01,2026Q2,Vancouver,1 bedroom,paid,1890.0,1,No caution flag,0,1880.0,1800.0,0.5319148936170137,5.000000000000004,0.0,0.0
2019-01-01,2019Q1,Vancouver,2 bedrooms,asking,2490.0,1,No caution flag,0,,,,,,
2019-04-01,2019Q2,Vancouver,2 bedrooms,asking,2580.0,1,No caution flag,0,2490.0,,3.6144578313253017,,0.0,
2019-07-01,2019Q3,Vancouver,2 bedrooms,asking,2500.0,1,No caution flag,0,2580.0,,-3.100775193798455,,0.0,
2019-10-01,2019Q4,Vancouver,2 bedrooms,asking,2490.0,1,No caution flag,0,2500.0,,-0.40000000000000036,,0.0,
2020-01-01,2020Q1,Vancouver,2 bedrooms,asking,2530.0,1,No caution flag,0,2490.0,2490.0,1.6064257028112428,1.6064257028112428,0.0,0.0
2020-04-01,2020Q2,Vancouver,2 bedrooms,asking,2480.0,1,No caution flag,0,2530.0,2580.0,-1.9762845849802368,-3.875968992248058,0.0,0.0
2020-07-01,2020Q3,Vancouver,2 bedrooms,asking,2430.0,1,No caution flag,0,2480.0,2500.0,-2.0161290322580627,-2.8000000000000025,0.0,0.0
2020-10-01,2020Q4,Vancouver,2 bedrooms,asking,2380.0,1,No caution flag,0,2430.0,2490.0,-2.0576131687242816,-4.417670682730924,0.0,0.0
2021-01-01,2021Q1,Vancouver,2 bedrooms,asking,2410.0,1,No caution flag,0,2380.0,2530.0,1.2605042016806678,-4.743083003952564,0.0,0.0
2021-04-01,2021Q2,Vancouver,2 bedrooms,asking,2520.0,1,No caution flag,0,2410.0,2480.0,4.564315352697101,1.6129032258064502,0.0,0.0
2021-07-01,2021Q3,Vancouver,2 bedrooms,asking,2610.0,1,No caution flag,0,2520.0,2430.0,3.571428571428581,7.407407407407418,0.0,0.0
2021-10-01,2021Q4,Vancouver,2 bedrooms,asking,2740.0,1,No caution flag,0,2610.0,2380.0,4.980842911877392,15.126050420168058,0.0,0.0
2022-01-01,2022Q1,Vancouver,2 bedrooms,asking,2830.0,1,No caution flag,0,2740.0,2410.0,3.2846715328467058,17.427385892116188,0.0,0.0
2022-04-01,2022Q2,Vancouver,2 bedrooms,asking,3020.0,1,No caution flag,0,2830.0,2520.0,6.7137809187279185,19.84126984126984,0.0,0.0
2022-07-01,2022Q3,Vancouver,2 bedrooms,asking,3350.0,1,Use with caution,1,3020.0,2610.0,10.927152317880795,28.352490421455933,1.0,1.0
2022-10-01,2022Q4,Vancouver,2 bedrooms,asking,3400.0,1,No caution flag,0,3350.0,2740.0,1.4925373134328401,24.087591240875916,1.0,0.0
2023-01-01,2023Q1,Vancouver,2 bedrooms,asking,3300.0,1,No caution flag,0,3400.0,2830.0,-2.941176470588236,16.607773851590114,0.0,0.0
2023-04-01,2023Q2,Vancouver,2 bedrooms,asking,3470.0,1,No caution flag,0,3300.0,3020.0,5.151515151515151,14.900662251655628,0.0,0.0
2023-07-01,2023Q3,Vancouver,2 bedrooms,asking,3580.0,1,No caution flag,0,3470.0,3350.0,3.170028818443793,6.865671641791038,0.0,1.0
2023-10-01,2023Q4,Vancouver,2 bedrooms,asking,3510.0,1,No caution flag,0,3580.0,3400.0,-1.9553072625698276,3.2352941176470695,0.0,0.0
2024-01-01,2024Q1,Vancouver,2 bedrooms,asking,3440.0,1,No caution flag,0,3510.0,3300.0,-1.9943019943019946,4.2424242424242475,0.0,0.0
2024-04-01,2024Q2,Vancouver,2 bedrooms,asking,3360.0,1,No caution flag,0,3440.0,3470.0,-2.3255813953488413,-3.170028818443804,0.0,0.0
2024-07-01,2024Q3,Vancouver,2 bedrooms,asking,3390.0,1,No caution flag,0,3360.0,3580.0,0.8928571428571397,-5.307262569832405,0.0,0.0
2024-10-01,2024Q4,Vancouver,2 bedrooms,asking,3250.0,1,No caution flag,0,3390.0,3510.0,-4.129793510324486,-7.4074074074074066,0.0,0.0
2025-01-01,2025Q1,Vancouver,2 bedrooms,asking,3170.0,1,No caution flag,0,3250.0,3440.0,-2.4615384615384595,-7.848837209302328,0.0,0.0
2025-04-01,2025Q2,Vancouver,2 bedrooms,asking,3160.0,1,Use with caution,1,3170.0,3360.0,-0.3154574132492094,-5.952380952380953,1.0,1.0
2025-07-01,2025Q3,Vancouver,2 bedrooms,asking,3190.0,1,No caution flag,0,3160.0,3390.0,0.9493670886076,-5.899705014749268,1.0,0.0
2025-10-01,2025Q4,Vancouver,2 bedrooms,asking,3090.0,1,No caution flag,0,3190.0,3250.0,-3.1347962382445194,-4.923076923076919,0.0,0.0
2026-01-01,2026Q1,Vancouver,2 bedrooms,asking,3100.0,1,No caution flag,0,3090.0,3170.0,0.3236245954692629,-2.208201892744477,0.0,0.0
2026-04-01,2026Q2,Vancouver,2 bedrooms,asking,3030.0,1,No caution flag,0,3100.0,3160.0,-2.2580645161290325,-4.113924050632911,0.0,1.0
2019-01-01,2019Q1,Vancouver,2 bedrooms,paid,1480.0,1,No caution flag,0,,,,,,
2019-04-01,2019Q2,Vancouver,2 bedrooms,paid,1470.0,1,No caution flag,0,1480.0,,-0.6756756756756799,,0.0,
2019-07-01,2019Q3,Vancouver,2 bedrooms,paid,1520.0,1,No caution flag,0,1470.0,,3.401360544217691,,0.0,
2019-10-01,2019Q4,Vancouver,2 bedrooms,paid,1600.0,1,Use with caution,1,1520.0,,5.263157894736836,,1.0,
2020-01-01,2020Q1,Vancouver,2 bedrooms,paid,1690.0,1,Use with caution,1,1600.0,1480.0,5.624999999999991,14.18918918918919,1.0,1.0
2020-04-01,2020Q2,Vancouver,2 bedrooms,paid,1710.0,1,Use with caution,1,1690.0,1470.0,1.183431952662728,16.326530612244895,1.0,1.0
2020-07-01,2020Q3,Vancouver,2 bedrooms,paid,1680.0,1,No caution flag,0,1710.0,1520.0,-1.7543859649122862,10.526315789473696,1.0,0.0
2020-10-01,2020Q4,Vancouver,2 bedrooms,paid,1650.0,1,No caution flag,0,1680.0,1600.0,-1.7857142857142905,3.125,0.0,1.0
2021-01-01,2021Q1,Vancouver,2 bedrooms,paid,1630.0,1,Use with caution,1,1650.0,1690.0,-1.2121212121212088,-3.5502958579881616,1.0,1.0
2021-04-01,2021Q2,Vancouver,2 bedrooms,paid,1660.0,1,Use with caution,1,1630.0,1710.0,1.8404907975460016,-2.92397660818714,1.0,1.0
2021-07-01,2021Q3,Vancouver,2 bedrooms,paid,1700.0,1,No caution flag,0,1660.0,1680.0,2.4096385542168752,1.1904761904761862,1.0,0.0
2021-10-01,2021Q4,Vancouver,2 bedrooms,paid,1760.0,1,No caution flag,0,1700.0,1650.0,3.529411764705892,6.666666666666665,0.0,0.0
2022-01-01,2022Q1,Vancouver,2 bedrooms,paid,1790.0,1,No caution flag,0,1760.0,1630.0,1.7045454545454586,9.81595092024541,0.0,1.0
2022-04-01,2022Q2,Vancouver,2 bedrooms,paid,1830.0,1,No caution flag,0,1790.0,1660.0,2.2346368715083775,10.24096385542168,0.0,1.0
2022-07-01,2022Q3,Vancouver,2 bedrooms,paid,1880.0,1,No caution flag,0,1830.0,1700.0,2.732240437158473,10.588235294117654,0.0,0.0
2022-10-01,2022Q4,Vancouver,2 bedrooms,paid,1920.0,1,No caution flag,0,1880.0,1760.0,2.127659574468077,9.090909090909083,0.0,0.0
2023-01-01,2023Q1,Vancouver,2 bedrooms,paid,1960.0,1,No caution flag,0,1920.0,1790.0,2.083333333333326,9.49720670391061,0.0,0.0
2023-04-01,2023Q2,Vancouver,2 bedrooms,paid,1990.0,1,No caution flag,0,1960.0,1830.0,1.5306122448979664,8.743169398907114,0.0,0.0
2023-07-01,2023Q3,Vancouver,2 bedrooms,paid,2030.0,1,No caution flag,0,1990.0,1880.0,2.01005025125629,7.978723404255317,0.0,0.0
2023-10-01,2023Q4,Vancouver,2 bedrooms,paid,2080.0,1,No caution flag,0,2030.0,1920.0,2.4630541871921263,8.333333333333325,0.0,0.0
2024-01-01,2024Q1,Vancouver,2 bedrooms,paid,2090.0,1,No caution flag,0,2080.0,1960.0,0.48076923076922906,6.632653061224492,0.0,0.0
2024-04-01,2024Q2,Vancouver,2 bedrooms,paid,2140.0,1,No caution flag,0,2090.0,1990.0,2.392344497607657,7.537688442211055,0.0,0.0
2024-07-01,2024Q3,Vancouver,2 bedrooms,paid,2220.0,1,No caution flag,0,2140.0,2030.0,3.738317757009346,9.35960591133005,0.0,0.0
2024-10-01,2024Q4,Vancouver,2 bedrooms,paid,2320.0,1,Use with caution,1,2220.0,2080.0,4.504504504504503,11.538461538461542,1.0,1.0
2025-01-01,2025Q1,Vancouver,2 bedrooms,paid,2330.0,1,No caution flag,0,2320.0,2090.0,0.4310344827586299,11.483253588516739,1.0,0.0
2025-04-01,2025Q2,Vancouver,2 bedrooms,paid,2300.0,1,No caution flag,0,2330.0,2140.0,-1.2875536480686733,7.476635514018692,0.0,0.0
2025-07-01,2025Q3,Vancouver,2 bedrooms,paid,2310.0,1,No caution flag,0,2300.0,2220.0,0.43478260869564966,4.054054054054057,0.0,0.0
2025-10-01,2025Q4,Vancouver,2 bedrooms,paid,2380.0,1,No caution flag,0,2310.0,2320.0,3.0303030303030276,2.586206896551735,0.0,1.0
2026-01-01,2026Q1,Vancouver,2 bedrooms,paid,2450.0,1,No caution flag,0,2380.0,2330.0,2.941176470588225,5.150214592274671,0.0,0.0
2026-04-01,2026Q2,Vancouver,2 bedrooms,paid,2470.0,1,No caution flag,0,2450.0,2300.0,0.8163265306122547,7.391304347826089,0.0,0.0
2019-01-01,2019Q1,Vancouver,3+ bedrooms,asking,3480.0,1,No caution flag,0,,,,,,
2019-04-01,2019Q2,Vancouver,3+ bedrooms,asking,3670.0,1,No caution flag,0,3480.0,,5.459770114942519,,0.0,
2019-07-01,2019Q3,Vancouver,3+ bedrooms,asking,3670.0,1,No caution flag,0,3670.0,,0.0,,0.0,
2019-10-01,2019Q4,Vancouver,3+ bedrooms,asking,3500.0,1,No caution flag,0,3670.0,,-4.63215258855586,,0.0,
2020-01-01,2020Q1,Vancouver,3+ bedrooms,asking,3400.0,1,No caution flag,0,3500.0,3480.0,-2.857142857142858,-2.298850574712641,0.0,0.0
2020-04-01,2020Q2,Vancouver,3+ bedrooms,asking,3150.0,1,No caution flag,0,3400.0,3670.0,-7.352941176470584,-14.16893732970027,0.0,0.0
2020-07-01,2020Q3,Vancouver,3+ bedrooms,asking,3150.0,1,No caution flag,0,3150.0,3670.0,0.0,-14.16893732970027,0.0,0.0
2020-10-01,2020Q4,Vancouver,3+ bedrooms,asking,3220.0,1,No caution flag,0,3150.0,3500.0,2.2222222222222143,-7.9999999999999964,0.0,0.0
2021-01-01,2021Q1,Vancouver,3+ bedrooms,asking,3290.0,1,No caution flag,0,3220.0,3400.0,2.1739130434782705,-3.2352941176470584,0.0,0.0
2021-04-01,2021Q2,Vancouver,3+ bedrooms,asking,3520.0,1,No caution flag,0,3290.0,3150.0,6.990881458966558,11.746031746031749,0.0,0.0
2021-07-01,2021Q3,Vancouver,3+ bedrooms,asking,3570.0,1,No caution flag,0,3520.0,3150.0,1.4204545454545414,13.33333333333333,0.0,0.0
2021-10-01,2021Q4,Vancouver,3+ bedrooms,asking,3720.0,1,No caution flag,0,3570.0,3220.0,4.201680672268915,15.527950310559003,0.0,0.0
2022-01-01,2022Q1,Vancouver,3+ bedrooms,asking,4050.0,1,No caution flag,0,3720.0,3290.0,8.870967741935477,23.100303951367774,0.0,0.0
2022-04-01,2022Q2,Vancouver,3+ bedrooms,asking,4370.0,1,No caution flag,0,4050.0,3520.0,7.901234567901239,24.14772727272727,0.0,0.0
2022-07-01,2022Q3,Vancouver,3+ bedrooms,asking,4680.0,1,No caution flag,0,4370.0,3570.0,7.093821510297493,31.092436974789916,0.0,0.0
2022-10-01,2022Q4,Vancouver,3+ bedrooms,asking,5020.0,1,Use with caution,1,4680.0,3720.0,7.264957264957261,34.94623655913978,1.0,1.0
2023-01-01,2023Q1,Vancouver,3+ bedrooms,asking,4620.0,1,No caution flag,0,5020.0,4050.0,-7.968127490039844,14.074074074074083,1.0,0.0
2023-04-01,2023Q2,Vancouver,3+ bedrooms,asking,5220.0,1,Use with caution,1,4620.0,4370.0,12.987012987012992,19.4508009153318,1.0,1.0
2023-07-01,2023Q3,Vancouver,3+ bedrooms,asking,4950.0,1,No caution flag,0,5220.0,4680.0,-5.1724137931034475,5.769230769230771,1.0,0.0
2023-10-01,2023Q4,Vancouver,3+ bedrooms,asking,4830.0,1,No caution flag,0,4950.0,5020.0,-2.4242424242424288,-3.784860557768921,0.0,1.0
2024-01-01,2024Q1,Vancouver,3+ bedrooms,asking,4850.0,1,No caution flag,0,4830.0,4620.0,0.41407867494824835,4.978354978354971,0.0,0.0
2024-04-01,2024Q2,Vancouver,3+ bedrooms,asking,4680.0,1,No caution flag,0,4850.0,5220.0,-3.5051546391752564,-10.344827586206895,0.0,1.0
2024-07-01,2024Q3,Vancouver,3+ bedrooms,asking,4650.0,1,No caution flag,0,4680.0,4950.0,-0.6410256410256387,-6.060606060606055,0.0,0.0
2024-10-01,2024Q4,Vancouver,3+ bedrooms,asking,4680.0,1,No caution flag,0,4650.0,4830.0,0.6451612903225712,-3.105590062111796,0.0,0.0
2025-01-01,2025Q1,Vancouver,3+ bedrooms,asking,4320.0,1,No caution flag,0,4680.0,4850.0,-7.692307692307687,-10.927835051546387,0.0,0.0
2025-04-01,2025Q2,Vancouver,3+ bedrooms,asking,4330.0,1,Use with caution,1,4320.0,4680.0,0.23148148148148806,-7.478632478632474,1.0,1.0
2025-07-01,2025Q3,Vancouver,3+ bedrooms,asking,4340.0,1,No caution flag,0,4330.0,4650.0,0.23094688221709792,-6.666666666666665,1.0,0.0
2025-10-01,2025Q4,Vancouver,3+ bedrooms,asking,4280.0,1,No caution flag,0,4340.0,4680.0,-1.382488479262678,-8.54700854700855,0.0,0.0
2026-01-01,2026Q1,Vancouver,3+ bedrooms,asking,4110.0,1,No caution flag,0,4280.0,4320.0,-3.971962616822433,-4.861111111111116,0.0,0.0
2026-04-01,2026Q2,Vancouver,3+ bedrooms,asking,4150.0,1,No caution flag,0,4110.0,4330.0,0.9732360097323589,-4.157043879907619,0.0,1.0
2019-01-01,2019Q1,Vancouver,Studio,asking,1730.0,1,No caution flag,0,,,,,,
2019-04-01,2019Q2,Vancouver,Studio,asking,1680.0,1,No caution flag,0,1730.0,,-2.8901734104046284,,0.0,
2019-07-01,2019Q3,Vancouver,Studio,asking,1640.0,1,No caution flag,0,1680.0,,-2.3809523809523836,,0.0,
2019-10-01,2019Q4,Vancouver,Studio,asking,1670.0,1,No caution flag,0,1640.0,,1.8292682926829285,,0.0,
2020-01-01,2020Q1,Vancouver,Studio,asking,1650.0,1,No caution flag,0,1670.0,1730.0,-1.19760479041916,-4.6242774566473965,0.0,0.0
2020-04-01,2020Q2,Vancouver,Studio,asking,1620.0,1,No caution flag,0,1650.0,1680.0,-1.8181818181818188,-3.57142857142857,0.0,0.0
2020-07-01,2020Q3,Vancouver,Studio,asking,1600.0,1,No caution flag,0,1620.0,1640.0,-1.2345679012345734,-2.4390243902439046,0.0,0.0
2020-10-01,2020Q4,Vancouver,Studio,asking,1580.0,1,No caution flag,0,1600.0,1670.0,-1.2499999999999956,-5.389221556886225,0.0,0.0
2021-01-01,2021Q1,Vancouver,Studio,asking,1610.0,1,No caution flag,0,1580.0,1650.0,1.8987341772152,-2.4242424242424288,0.0,0.0
2021-04-01,2021Q2,Vancouver,Studio,asking,1630.0,1,No caution flag,0,1610.0,1620.0,1.2422360248447228,0.6172839506172867,0.0,0.0
2021-07-01,2021Q3,Vancouver,Studio,asking,1690.0,1,No caution flag,0,1630.0,1600.0,3.6809815950920255,5.624999999999991,0.0,0.0
2021-10-01,2021Q4,Vancouver,Studio,asking,1710.0,1,No caution flag,0,1690.0,1580.0,1.183431952662728,8.227848101265822,0.0,0.0
2022-01-01,2022Q1,Vancouver,Studio,asking,1760.0,1,No caution flag,0,1710.0,1610.0,2.923976608187129,9.316770186335411,0.0,0.0
2022-04-01,2022Q2,Vancouver,Studio,asking,1870.0,1,No caution flag,0,1760.0,1630.0,6.25,14.723926380368102,0.0,0.0
2022-07-01,2022Q3,Vancouver,Studio,asking,2020.0,1,No caution flag,0,1870.0,1690.0,8.02139037433156,19.526627218934923,0.0,0.0
2022-10-01,2022Q4,Vancouver,Studio,asking,2150.0,1,No caution flag,0,2020.0,1710.0,6.435643564356441,25.730994152046783,0.0,0.0
2023-01-01,2023Q1,Vancouver,Studio,asking,2120.0,1,No caution flag,0,2150.0,1760.0,-1.3953488372092981,20.45454545454546,0.0,0.0
2023-04-01,2023Q2,Vancouver,Studio,asking,2190.0,1,No caution flag,0,2120.0,1870.0,3.301886792452824,17.112299465240643,0.0,0.0
2023-07-01,2023Q3,Vancouver,Studio,asking,2340.0,1,No caution flag,0,2190.0,2020.0,6.849315068493156,15.841584158415834,0.0,0.0
2023-10-01,2023Q4,Vancouver,Studio,asking,2280.0,1,No caution flag,0,2340.0,2150.0,-2.564102564102566,6.04651162790697,0.0,0.0
2024-01-01,2024Q1,Vancouver,Studio,asking,2230.0,1,No caution flag,0,2280.0,2120.0,-2.1929824561403466,5.188679245283012,0.0,0.0
2024-04-01,2024Q2,Vancouver,Studio,asking,2230.0,1,No caution flag,0,2230.0,2190.0,0.0,1.82648401826484,0.0,0.0
2024-07-01,2024Q3,Vancouver,Studio,asking,2200.0,1,No caution flag,0,2230.0,2340.0,-1.3452914798206317,-5.982905982905984,0.0,0.0
2024-10-01,2024Q4,Vancouver,Studio,asking,2150.0,1,No caution flag,0,2200.0,2280.0,-2.2727272727272707,-5.701754385964907,0.0,0.0
2025-01-01,2025Q1,Vancouver,Studio,asking,2120.0,1,No caution flag,0,2150.0,2230.0,-1.3953488372092981,-4.932735426008971,0.0,0.0
2025-04-01,2025Q2,Vancouver,Studio,asking,2110.0,1,Use with caution,1,2120.0,2230.0,-0.4716981132075526,-5.381165919282516,1.0,1.0
2025-07-01,2025Q3,Vancouver,Studio,asking,2100.0,1,No caution flag,0,2110.0,2200.0,-0.4739336492891044,-4.545454545454541,1.0,0.0
2025-10-01,2025Q4,Vancouver,Studio,asking,2030.0,1,No caution flag,0,2100.0,2150.0,-3.3333333333333326,-5.581395348837215,0.0,0.0
2026-01-01,2026Q1,Vancouver,Studio,asking,2000.0,1,No caution flag,0,2030.0,2120.0,-1.4778325123152691,-5.660377358490565,0.0,0.0
2026-04-01,2026Q2,Vancouver,Studio,asking,2000.0,1,No caution flag,0,2000.0,2110.0,0.0,-5.213270142180093,0.0,1.0
